Date,Time,Latitude,Longtitude,Carid
2018-10-02,06:00,59.6500105,17.9302822,3
2018-10-02,06:01,59.6451906,17.931351,3
2018-10-02,06:02,59.6380049,17.935901,3
2018-10-02,06:03,59.6295871,17.9229886,3
2018-10-02,06:04,59.6296432,17.8985617,3
2018-10-02,06:05,59.6307721,17.8976303,3
2018-10-02,06:06,59.6313638,17.8840396,3
2018-10-02,06:07,59.6303055,17.8675399,3
2018-10-02,06:08,59.6285855,17.8603028,3
2018-10-02,06:09,59.6277725,17.8603866,3
2018-10-02,06:10,59.6220671,17.8592673,3
2018-10-02,06:11,59.618242,17.8560707,3
2018-10-02,06:12,59.615848,17.8494526,3
2018-10-02,06:13,59.6179703,17.8508893,3
2018-10-02,06:14,59.6160042,17.8456554,3
2018-10-02,06:15,59.6166262,17.849531,3
2018-10-02,06:16,59.6166144,17.8495702,3
2018-10-02,06:17,59.6166054,17.8495697,3
2018-10-02,06:18,59.6166341,17.8495826,3
2018-10-02,06:19,59.6166608,17.8495535,3
2018-10-02,06:20,59.6166574,17.8495544,3
2018-10-02,06:21,59.6166517,17.8495552,3
2018-10-02,06:22,59.6166524,17.8495492,3
2018-10-02,06:23,59.6166115,17.8495151,3
2018-10-02,06:24,59.6166184,17.8495209,3
2018-10-02,06:25,59.616649692180914,17.849548606600283,3
2018-10-02,06:26,59.61660994432448,17.849525192143307,3
2018-10-02,06:27,59.6159718,17.8458887,3
2018-10-02,06:28,59.6181808,17.851094,3
2018-10-02,06:29,59.616625764948296,17.849542713147912,3
2018-10-02,06:30,59.6166461,17.8496162,3
2018-10-02,06:31,59.6166525,17.8495822,3
2018-10-02,06:32,59.6166491,17.8495699,3
2018-10-02,06:33,59.6166338,17.849554,3
2018-10-02,06:34,59.6166168,17.849559,3
2018-10-02,06:35,59.61662215178338,17.84954892013988,3
2018-10-02,06:36,59.6179454,17.8504871,3
2018-10-02,06:37,59.6158279,17.8494913,3
2018-10-02,06:38,59.613863,17.8625063,3
2018-10-02,06:39,59.6116459,17.8755239,3
2018-10-02,06:40,59.6131853,17.8653874,3
2018-10-02,06:41,59.6082387,17.8768203,3
2018-10-02,06:42,59.601026,17.8820651,3
2018-10-02,06:43,59.5928001,17.8903441,3
2018-10-02,06:44,59.5854005,17.8968532,3
2018-10-02,06:45,59.5777144,17.8975365,3
2018-10-02,06:46,59.5725199,17.8961764,3
2018-10-02,06:47,59.564926,17.89541,3
2018-10-02,06:48,59.5552931,17.8956986,3
2018-10-02,06:49,59.5534552,17.8998451,3
2018-10-02,06:50,59.5399135,17.9122028,3
2018-10-02,06:51,59.5329543,17.9244145,3
2018-10-02,06:52,59.5268859,17.9267247,3
2018-10-02,06:53,59.5186578,17.9282702,3
2018-10-02,06:54,59.514858,17.9270475,3
2018-10-02,06:55,59.5144705,17.9193545,3
2018-10-02,06:56,59.5144424,17.9190425,3
2018-10-02,06:57,59.5135198,17.920167,3
2018-10-02,06:58,59.5135198,17.920167,3
2018-10-02,06:59,59.5135307,17.9200199,3
2018-10-02,07:00,59.5135341,17.9199754,3
2018-10-02,07:01,59.5135352,17.9200028,3
2018-10-02,07:02,59.5135215,17.9200243,3
2018-10-02,07:03,59.513527,17.9200111,3
2018-10-02,07:04,59.5135219,17.9199901,3
2018-10-02,07:05,59.5131857,17.9200335,3
2018-10-02,07:06,59.5131063,17.9197615,3
2018-10-02,07:07,59.5135105,17.9200487,3
2018-10-02,07:08,59.51359958274687,17.92006511647233,3
2018-10-02,07:09,59.5143382349429,17.92317132542592,3
2018-10-02,07:10,59.51389478094885,17.929990271247977,3
2018-10-02,07:11,59.51230894768045,17.939637149627128,3
2018-10-02,07:12,59.513999688454845,17.946719245980496,3
2018-10-02,07:13,59.51479910407328,17.946078637041115,3
2018-10-02,07:18,59.505668,17.9514192,3
2018-10-02,07:19,59.5007956,17.9502782,3
2018-10-02,07:20,59.4944574,17.9491152,3
2018-10-02,07:21,59.4899314,17.9460834,3
2018-10-02,07:22,59.48674907507301,17.935653195652264,3
2018-10-02,07:23,59.4846911,17.9292714,3
2018-10-02,07:24,59.4836544,17.9298777,3
2018-10-02,07:25,59.4845725,17.9278942,3
2018-10-02,07:26,59.4845599,17.9174157,3
2018-10-02,07:27,59.4891401,17.9201657,3
2018-10-02,07:28,59.4954598,17.9214597,3
2018-10-02,07:29,59.4963048,17.9243807,3
2018-10-02,07:30,59.4963118,17.9243868,3
2018-10-02,07:31,59.4963118,17.9243868,3
2018-10-02,07:32,59.4963238,17.9243004,3
2018-10-02,07:33,59.4963238,17.9243004,3
2018-10-02,07:34,59.4963189,17.9243324,3
2018-10-02,07:35,59.4963134,17.9243289,3
2018-10-02,07:36,59.4963414,17.9243776,3
2018-10-02,07:37,59.4963482,17.9243739,3
2018-10-02,07:38,59.4963409,17.924329,3
2018-10-02,07:39,59.4963421,17.9243354,3
2018-10-02,07:40,59.4963481,17.9243666,3
2018-10-02,07:41,59.4963435,17.9243271,3
2018-10-02,07:42,59.4963392,17.9243291,3
2018-10-02,07:43,59.4963316,17.9242576,3
2018-10-02,07:44,59.4963309,17.9242478,3
2018-10-02,07:45,59.4963349,17.9242693,3
2018-10-02,07:46,59.4963382,17.9242662,3
2018-10-02,07:47,59.4963385,17.924278,3
2018-10-02,07:48,59.4963396,17.9242753,3
2018-10-02,07:49,59.4963457,17.9242763,3
2018-10-02,07:50,59.4963607,17.9242478,3
2018-10-02,07:51,59.4963932,17.9242078,3
2018-10-02,07:52,59.4963823,17.9242352,3
2018-10-02,07:53,59.4963729,17.9242428,3
2018-10-02,07:54,59.4963747,17.9242324,3
2018-10-02,07:55,59.496087,17.9254366,3
2018-10-02,07:56,59.4913929,17.9196143,3
2018-10-02,07:57,59.4757535,17.9147911,3
2018-10-02,07:58,59.4757535,17.9147911,3
2018-10-02,07:59,59.4588212,17.9115325,3
2018-10-02,08:00,59.4480998,17.9197032,3
2018-10-02,08:01,59.4370894,17.9242453,3
2018-10-02,08:02,59.4276509,17.9207998,3
2018-10-02,08:03,59.4185619,17.9307654,3
2018-10-02,08:04,59.4121106,17.9478197,3
2018-10-02,08:05,59.4057113,17.9643592,3
2018-10-02,08:06,59.3994432,17.9585857,3
2018-10-02,08:07,59.3909053,17.9473803,3
2018-10-02,08:08,59.3836268,17.935774,3
2018-10-02,08:09,59.3852937,17.9360812,3
2018-10-02,08:10,59.387352446313514,17.933472002116474,3
2018-10-02,08:11,59.389668,17.9329158,3
2018-10-02,08:12,59.3910725,17.9350344,3
2018-10-02,08:13,59.3923339,17.9290287,3
2018-10-02,08:14,59.3904397,17.9277154,3
2018-10-02,08:15,59.3920876,17.9290636,3
2018-10-02,08:16,59.3925861,17.9273754,3
2018-10-02,08:17,59.39263182365308,17.92734941751768,3
2018-10-02,08:18,59.3924771,17.9278379,3
2018-10-02,08:19,59.3924771,17.9278379,3
2018-10-02,08:20,59.3924771,17.9278379,3
2018-10-02,08:21,59.3924771,17.9278379,3
2018-10-02,08:28,59.3926688,17.927424,3
2018-10-02,08:29,59.3927279,17.9273855,3
2018-10-02,08:30,59.3924777,17.9289208,3
2018-10-02,08:31,59.3918223,17.9310008,3
2018-10-02,08:32,59.39082699627367,17.934739460069125,3
2018-10-02,08:33,59.3925403,17.9293361,3
2018-10-02,08:34,59.3926148,17.9273341,3
2018-10-02,08:35,59.3926147,17.9273367,3
2018-10-02,08:36,59.392569,17.9273939,3
2018-10-02,08:37,59.3925556,17.9274339,3
2018-10-02,08:38,59.3914205,17.9340491,3
2018-10-02,08:39,59.3869384,17.9330333,3
2018-10-02,08:40,59.3850488,17.9358052,3
2018-10-02,08:41,59.3820412,17.935684,3
2018-10-02,08:42,59.3887183,17.9437111,3
2018-10-02,08:43,59.3973626,17.9531168,3
2018-10-02,08:44,59.401524,17.9703065,3
2018-10-02,08:45,59.3943005,17.9861653,3
2018-10-02,08:46,59.387424,18.0018569,3
2018-10-02,08:47,59.3785877,18.0124676,3
2018-10-02,08:48,59.3689053,18.0201462,3
2018-10-02,08:49,59.3602848,18.0273531,3
2018-10-02,08:50,59.3530922,18.0390648,3
2018-10-02,08:51,59.3457382,18.0287708,3
2018-10-02,08:52,59.3454049,18.0114978,3
2018-10-02,08:53,59.335977,18.0104079,3
2018-10-02,08:54,59.3263801,18.0060341,3
2018-10-02,08:55,59.3189927,17.9977384,3
2018-10-02,08:56,59.3103128,18.0071819,3
2018-10-02,08:57,59.3028283,18.020326,3
2018-10-02,08:58,59.2964196,18.0336739,3
2018-10-02,08:59,59.2943128,18.0344239,3
2018-10-02,09:00,59.2890932,18.0221937,3
2018-10-02,09:01,59.2837774,18.0195869,3
2018-10-02,09:02,59.278137,18.0220533,3
2018-10-02,09:03,59.2734629,18.0112602,3
2018-10-02,09:04,59.271791,18.0150299,3
2018-10-02,09:05,59.26420536842841,18.02549410636505,3
2018-10-02,09:06,59.2608465,18.0363044,3
2018-10-02,09:07,59.2626046,18.04149,3
2018-10-02,09:08,59.2646354,18.0414915,3
2018-10-02,09:09,59.263934,18.042138,3
2018-10-02,09:10,59.2641942,18.0418719,3
2018-10-02,09:11,59.2641942,18.0418719,3
2018-10-02,09:12,59.2642347,18.0419315,3
2018-10-02,09:13,59.2642043,18.041888,3
2018-10-02,09:14,59.2642053,18.0418898,3
2018-10-02,09:15,59.264197,18.0418857,3
2018-10-02,09:16,59.264196,18.0418769,3
2018-10-02,09:17,59.2641919,18.0418659,3
2018-10-02,09:18,59.2642042,18.0418794,3
2018-10-02,09:19,59.2642095,18.0418717,3
2018-10-02,09:20,59.2642108,18.0418696,3
2018-10-02,09:21,59.264205891193946,18.04187953342025,3
2018-10-02,09:22,59.2642046,18.0418855,3
2018-10-02,09:23,59.2642018,18.0418863,3
2018-10-02,09:24,59.2641632,18.0424441,3
2018-10-02,09:25,59.2638773,18.0426244,3
2018-10-02,09:26,59.2601874,18.0376703,3
2018-10-02,09:27,59.2592028,18.0276972,3
2018-10-02,09:28,59.26407089621412,18.02077883280213,3
2018-10-02,09:29,59.263880577086816,18.01309956421205,3
2018-10-02,09:30,59.2644358,18.0091791,3
2018-10-02,09:31,59.2651814,18.0086884,3
2018-10-02,09:32,59.265181429263954,18.00868837645182,3
2018-10-02,09:33,59.2650142,18.0086131,3
2018-10-02,09:34,59.2648576,18.0087207,3
2018-10-02,09:35,59.2648576,18.0087207,3
2018-10-02,09:36,59.2648576,18.0087207,3
2018-10-02,09:37,59.2648576,18.0087207,3
2018-10-02,09:38,59.2648576,18.0087207,3
2018-10-02,09:40,59.2647342,18.0086095,3
2018-10-02,09:41,59.2647337,18.0086094,3
2018-10-02,09:42,59.2647337,18.0086097,3
2018-10-02,09:43,59.2647352,18.0086078,3
2018-10-02,09:44,59.2647319,18.008608,3
2018-10-02,09:45,59.2647342,18.0086096,3
2018-10-02,09:46,59.2647342,18.0086095,3
2018-10-02,09:47,59.2647335,18.0086095,3
2018-10-02,09:48,59.2647213,18.0086001,3
2018-10-02,09:49,59.264717,18.0086041,3
2018-10-02,09:50,59.2647536,18.008626,3
2018-10-02,09:51,59.26478,18.0086574,3
2018-10-02,09:52,59.2647515,18.0086373,3
2018-10-02,09:53,59.2647304,18.0086376,3
2018-10-02,09:54,59.2647645,18.0084971,3
2018-10-02,09:55,59.2647691,18.0086439,3
2018-10-02,09:56,59.2648024,18.0086749,3
2018-10-02,09:57,59.2647819,18.0086593,3
2018-10-02,09:58,59.2647786,18.0086491,3
2018-10-02,09:59,59.2647807,18.0086529,3
2018-10-02,10:00,59.2647478,18.0086386,3
2018-10-02,10:01,59.2647524,18.008638,3
2018-10-02,10:02,59.2647275,18.0086201,3
2018-10-02,10:03,59.2647286,18.0086204,3
2018-10-02,10:04,59.2647289,18.0086202,3
2018-10-02,10:05,59.2647343,18.0086095,3
2018-10-02,10:06,59.2647914,18.008659,3
2018-10-02,10:07,59.2647338,18.0086092,3
2018-10-02,10:27,59.287766730754036,18.091689674977395,3
2018-10-02,10:28,59.2868155,18.0917866,3
2018-10-02,10:29,59.2870577,18.0917048,3
2018-10-02,10:30,59.2872259,18.0916923,3
2018-10-02,10:31,59.2871852,18.0917385,3
2018-10-02,10:32,59.2872457,18.091738,3
2018-10-02,10:33,59.287242,18.0917398,3
2018-10-02,10:34,59.28720231912792,18.091736821138273,3
2018-10-02,10:35,59.2864768263848,18.09198989201488,3
2018-10-02,10:36,59.2878311,18.0917609,3
2018-10-02,10:37,59.2878311,18.0917609,3
2018-10-02,10:38,59.287831050438406,18.091760938471356,3
2018-10-02,10:39,59.2878311,18.0917609,3
2018-10-02,10:40,59.2884907,18.0928177,3
2018-10-02,10:41,59.2894456,18.0938476,3
2018-10-02,10:42,59.2887053,18.0882962,3
2018-10-02,10:43,59.289082,18.0862167,3
2018-10-02,10:44,59.2889806,18.0854567,3
2018-10-02,10:45,59.2906073,18.0870199,3
2018-10-02,10:46,59.2981998,18.0827242,3
2018-10-02,10:47,59.3059448,18.075847,3
2018-10-02,10:48,59.3159902,18.0705965,3
2018-10-02,10:49,59.3232935,18.0669264,3
2018-10-02,10:50,59.3296929,18.0617983,3
2018-10-02,10:51,59.3291551,18.0632425,3
2018-10-02,10:52,59.3286899,18.0611582,3
2018-10-02,10:53,59.3315876,18.0586544,3
2018-10-02,10:54,59.3341415,18.056271,3
2018-10-02,10:55,59.3354414,18.0537772,3
2018-10-02,10:58,59.3398124,18.0394554,3
2018-10-02,10:59,59.3410938,18.0381028,3
2018-10-02,11:00,59.3432683,18.0389724,3
2018-10-02,11:01,59.3455205,18.0397766,3
2018-10-02,11:02,59.3493411,18.0428698,3
2018-10-02,11:56,59.334732847784025,18.019314620909128,3
2018-10-02,11:57,59.3348551,18.0191995,3
2018-10-02,11:58,59.3347823,18.0189387,3
2018-10-02,11:59,59.3347605,18.0193981,3
2018-10-02,12:00,59.334939,18.0202539,3
2018-10-02,12:01,59.3347444,18.0193779,3
2018-10-02,12:02,59.3347373,18.0194018,3
2018-10-02,12:03,59.33473707926477,18.019416867788365,3
2018-10-02,12:04,59.3347269,18.0194208,3
2018-10-02,12:05,59.3347456,18.0194306,3
2018-10-02,12:06,59.3347372,18.0194448,3
2018-10-02,12:07,59.3347571,18.0194421,3
2018-10-02,12:08,59.3347282,18.019462,3
2018-10-02,12:09,59.3345471,18.0203767,3
2018-10-02,12:10,59.3347002,18.0196237,3
2018-10-02,12:11,59.3347048,18.0196115,3
2018-10-02,12:12,59.3346968,18.0196197,3
2018-10-02,12:13,59.3347105,18.019657,3
2018-10-02,12:14,59.3347093,18.0197011,3
2018-10-02,12:15,59.3346366,18.0197742,3
2018-10-02,12:16,59.3346236,18.0198319,3
2018-10-02,12:17,59.3351714,18.0207172,3
2018-10-02,12:18,59.3345902,18.0198072,3
2018-10-02,12:19,59.3345815,18.0198133,3
2018-10-02,12:20,59.3346065,18.0197426,3
2018-10-02,12:21,59.3348437,18.0205768,3
2018-10-02,12:22,59.3351635,18.0206234,3
2018-10-02,12:23,59.3350568,18.0207756,3
2018-10-02,12:24,59.334582,18.0197814,3
2018-10-02,12:25,59.3345934,18.019786,3
2018-10-02,12:26,59.3346158,18.0198112,3
2018-10-02,12:27,59.3345987,18.0198369,3
2018-10-02,12:28,59.334617,18.0197728,3
2018-10-02,12:29,59.3346239,18.019719,3
2018-10-02,12:30,59.334617,18.0197277,3
2018-10-02,12:31,59.3353308,18.0207719,3
2018-10-02,12:32,59.335301,18.0209883,3
2018-10-02,12:33,59.334623776382884,18.019876926283725,3
2018-10-02,12:34,59.335386210596184,18.020949013436034,3
2018-10-02,12:35,59.33497663080367,18.02162268461173,3
2018-10-02,12:36,59.33531563270756,18.025624451717054,3
2018-10-02,12:37,59.33484863660957,18.03039297950837,3
2018-10-02,12:38,59.33470065735469,18.031928032190503,3
2018-10-02,12:49,59.347549828156716,18.049154392214042,3
2018-10-02,12:50,59.3481204,18.0491688,3
2018-10-02,12:51,59.34727813711148,18.04831140573888,3
2018-10-02,12:52,59.34713530938223,18.047758236334808,3
2018-10-02,12:53,59.347256287619885,18.048363110067676,3
2018-10-02,12:54,59.34754596621975,18.049084580075327,3
2018-10-02,12:55,59.3474364,18.0494511,3
2018-10-02,12:56,59.347559459256864,18.049080025464573,3
2018-10-02,13:01,59.347593552576086,18.0491033527872,3
2018-10-02,13:02,59.3476199,18.0490745,3
2018-10-02,13:03,59.347619,18.0490611,3
2018-10-02,13:04,59.3476243,18.0490547,3
2018-10-02,13:05,59.34901308184908,18.050984801332483,3
2018-10-02,13:06,59.349702872304505,18.05026135446914,3
2018-10-02,13:07,59.3498848,18.0461595,3
2018-10-02,13:08,59.3534268,18.0356327,3
2018-10-02,13:09,59.36392537520666,18.025777427768944,3
2018-10-02,13:20,59.352061,17.9575101,3
2018-10-02,13:21,59.3517481,17.9569538,3
2018-10-02,13:22,59.3534209,17.9551958,3
2018-10-02,13:23,59.3562112,17.9473101,3
2018-10-02,13:24,59.3555903,17.9461258,3
2018-10-02,13:25,59.3542511,17.9471388,3
2018-10-02,13:26,59.3528395,17.9556366,3
2018-10-02,13:27,59.3467736,17.9580702,3
2018-10-02,13:28,59.3449351,17.9591452,3
2018-10-02,13:29,59.3402825,17.9622651,3
2018-10-02,13:30,59.335954,17.9673973,3
2018-10-02,13:31,59.3350545,17.9683851,3
2018-10-02,13:32,59.3334181,17.9744676,3
2018-10-02,13:33,59.3329715,17.9879622,3
2018-10-02,13:34,59.331964,18.0065459,3
2018-10-02,13:35,59.3313716,18.0196406,3
2018-10-02,13:36,59.3323752,18.0200292,3
2018-10-02,13:37,59.33196417497433,18.0193265001162,3
2018-10-02,13:38,59.3317243,18.0229397,3
2018-10-02,13:39,59.33315077717087,18.024339213392086,3
2018-10-02,13:40,59.33517928144271,18.02686992185068,3
2018-10-02,13:41,59.33486596865998,18.030842791010873,3
2018-10-02,13:42,59.3339965,18.0303481,3
2018-10-02,13:43,59.33375553691201,18.0304016659591,3
2018-10-02,13:44,59.33375553691201,18.0304016659591,3
2018-10-02,13:45,59.333527274095665,18.03000524513236,3
2018-10-02,13:46,59.33340947164799,18.031078732244637,3
2018-10-02,13:47,59.333361432997265,18.031319637264,3
2018-10-02,13:48,59.33234281925818,18.031455906829137,3
2018-10-02,13:49,59.33089026585971,18.02913415440419,3
2018-10-02,13:50,59.33116051711451,18.027609602466036,3
2018-10-02,13:51,59.3311589,18.0275203,3
2018-10-02,13:52,59.3311489,18.0274949,3
2018-10-02,13:53,59.3312045,18.0274593,3
2018-10-02,13:54,59.3311606,18.0275117,3
2018-10-02,13:55,59.3311962,18.0275378,3
2018-10-02,13:56,59.3312083,18.0275719,3
2018-10-02,13:57,59.3311919,18.027653,3
2018-10-02,13:58,59.3311648,18.0276268,3
2018-10-02,13:59,59.3312058,18.0276556,3
2018-10-02,14:00,59.3312018,18.027588,3
2018-10-02,14:01,59.331216,18.0275348,3
2018-10-02,14:02,59.3312005,18.0274647,3
2018-10-02,14:03,59.3310398573318,18.02741961577349,3
2018-10-02,14:04,59.331202311885235,18.03027948361599,3
2018-10-02,14:05,59.332228022678166,18.031442253267848,3
2018-10-02,14:06,59.334281,18.0326733,3
2018-10-02,14:07,59.3389085220783,18.03615354839676,3
2018-10-02,14:08,59.34058903673173,18.03728481542541,3
2018-10-02,14:09,59.340123772108726,18.0386909975441,3
2018-10-02,14:10,59.34135901617852,18.04478789185243,3
2018-10-02,14:11,59.341371535448104,18.04805246170079,3
2018-10-02,14:12,59.33991957520338,18.051304836640455,3
2018-10-02,14:13,59.33753376915038,18.053764834423365,3
2018-10-02,14:14,59.33855690410085,18.055491427498513,3
2018-10-02,14:15,59.3387523,18.0547006,3
2018-10-02,14:16,59.3387523,18.0547006,3
2018-10-02,14:17,59.3387523,18.0547006,3
2018-10-02,14:18,59.3387283,18.0548294,3
2018-10-02,14:19,59.3387069,18.0548615,3
2018-10-02,14:20,59.3384803,18.0548942,3
2018-10-02,14:21,59.3386254,18.0547741,3
2018-10-02,14:22,59.3386687,18.0547871,3
2018-10-02,14:23,59.3386189,18.0547588,3
2018-10-02,14:24,59.3386057,18.0548738,3
2018-10-02,14:25,59.3385896,18.054857,3
2018-10-02,14:26,59.338761957865884,18.054924988978346,3
2018-10-02,14:27,59.3387547,18.0548067,3
2018-10-02,14:28,59.338717,18.0547579,3
2018-10-02,14:29,59.3386352,18.0551397,3
2018-10-02,14:30,59.3386885,18.0549058,3
2018-10-02,14:31,59.338923818527824,18.055188083410858,3
2018-10-02,14:32,59.3385645,18.0548405,3
2018-10-02,14:33,59.33808782303311,18.05319781968926,3
2018-10-02,14:34,59.338345716670304,18.05573019045319,3
2018-10-02,14:35,59.33951830718049,18.05936595969746,3
2018-10-02,14:36,59.3394215,18.059501,3
2018-10-02,14:37,59.341178,18.0583643,3
2018-10-02,14:38,59.3468425,18.0527317,3
2018-10-02,14:39,59.3492573,18.0505265,3
2018-10-02,14:40,59.3503444,18.0497997,3
2018-10-02,14:41,59.353587,18.0392787,3
2018-10-02,14:42,59.3580328,18.0306309,3
2018-10-02,14:43,59.3636727,18.0245078,3
2018-10-02,14:44,59.3669754,18.0206845,3
2018-10-02,14:45,59.3689814,18.0181579,3
2018-10-02,14:46,59.37605274227151,18.015382750453554,3
2018-10-02,14:47,59.382581491999254,18.007989443350475,3
2018-10-02,14:48,59.3909118275747,17.994513617979607,3
2018-10-02,14:49,59.394651742329025,17.98580098065251,3
2018-10-02,15:08,59.617981,17.9041277,3
2018-10-02,15:09,59.6287901,17.9220558,3
2018-10-02,15:10,59.6386244,17.9366295,3
2018-10-02,15:11,59.6481702,17.9337113,3
2018-10-02,15:12,59.6503285,17.9299935,3
2018-10-02,15:13,59.6515354,17.932132,3
2018-10-02,15:14,59.6494546,17.9303103,3
2018-10-02,15:15,59.6443188,17.9334777,3
2018-10-02,15:16,59.6460294,17.9342753,3
2018-10-02,15:17,59.6455125,17.9344017,3
2018-10-02,15:18,59.64477332589354,17.934381484379557,3
2018-10-02,15:19,59.6456325,17.9346419,3
2018-10-02,15:20,59.6456325,17.9346419,3
2018-10-02,15:21,59.6456325,17.9346419,3
2018-10-02,15:22,59.6456325,17.9346419,3
2018-10-02,15:23,59.6456325,17.9346419,3
2018-10-02,15:24,59.6456325,17.9346419,3
2018-10-02,15:25,59.6455301,17.9343457,3
2018-10-02,15:26,59.6451108,17.9346375,3
2018-10-02,15:27,59.6452483,17.9417609,3
2018-10-02,15:28,59.648473,17.941306,3
2018-10-02,15:29,59.6485054,17.9414192,3
2018-10-02,15:30,59.6488655,17.9410312,3
2018-10-02,15:31,59.6485211,17.9413883,3
2018-10-02,15:32,59.6485127,17.9413482,3
2018-10-02,15:33,59.6485121,17.940285,3
2018-10-02,15:34,59.6448007,17.9413236,3
2018-10-02,15:35,59.6384763,17.9388106,3
2018-10-02,15:36,59.6307521,17.928082,3
2018-10-02,15:37,59.62516293273161,17.928049630355677,3
2018-10-02,15:38,59.6207141440148,17.92730449981243,3
2018-10-02,15:39,59.61355063570749,17.921628676096013,3
2018-10-02,15:40,59.606410821745435,17.912957502374088,3
2018-10-02,15:41,59.59928209772196,17.906690807557,3
2018-10-02,15:42,59.59300887078233,17.89514765851789,3
2018-10-02,15:43,59.58785841752865,17.894149896635234,3
2018-10-02,15:44,59.5812386,17.8978014,3
2018-10-02,15:45,59.5743827,17.8955293,3
2018-10-02,15:46,59.5653368,17.8953547,3
2018-10-02,15:47,59.5528778,17.8959312,3
2018-10-02,15:48,59.5439638,17.905024,3
2018-10-02,15:49,59.5377816,17.9171982,3
2018-10-02,15:50,59.5301065,17.924979,3
2018-10-02,15:51,59.5283987,17.9264462,3
2018-10-02,15:52,59.5180194,17.9281882,3
2018-10-02,15:53,59.512935,17.9235306,3
2018-10-02,15:54,59.4990387,17.9243595,3
2018-10-02,15:55,59.4855138,17.9190057,3
2018-10-02,15:56,59.4715895,17.9139016,3
2018-10-02,15:57,59.4571906,17.9128121,3
2018-10-02,15:58,59.4427116,17.9221996,3
2018-10-02,15:59,59.4287272,17.9198309,3
2018-10-02,16:00,59.4175277,17.9335974,3
2018-10-02,16:02,59.3975298,17.9798276,3
2018-10-02,16:03,59.3879453,18.0012629,3
2018-10-02,16:04,59.3764265,18.014836,3
2018-10-02,16:05,59.3636018,18.024334,3
2018-10-02,16:06,59.3550758,18.0353435,3
2018-10-02,16:07,59.34645928338212,18.030504650818987,3
2018-10-02,16:08,59.34553935718158,18.01198140982738,3
2018-10-02,16:09,59.33505856967662,18.009969161521678,3
2018-10-02,16:10,59.3251838,18.002308,3
2018-10-02,16:11,59.316168,18.0015813,3
2018-10-02,16:12,59.3065083,18.0130311,3
2018-10-02,16:13,59.2991534,18.0267675,3
2018-10-02,16:14,59.2955678,18.0353432,3
2018-10-02,16:15,59.2909454,18.0258838,3
2018-10-02,16:16,59.2858716,18.0202377,3
2018-10-02,16:17,59.2799785,18.0212241,3
2018-10-02,16:18,59.2745281,18.0137106,3
2018-10-02,16:19,59.2660952,18.0052773,3
2018-10-02,16:20,59.2644672,18.0090473,3
2018-10-02,16:21,59.2646559,18.0089369,3
2018-10-02,16:22,59.26506339085114,18.008634592923585,3
2018-10-02,16:23,59.2652141,18.0082614,3
2018-10-02,16:24,59.2652141,18.0082614,3
2018-10-02,16:25,59.2652141,18.0082614,3
2018-10-02,16:26,59.2652141,18.0082614,3
2018-10-02,16:27,59.2652141,18.0082614,3
2018-10-02,16:57,59.2647348,18.0086096,3
2018-10-02,17:18,59.2647279,18.0086196,3
2018-10-02,17:19,59.2646975,18.0085744,3
2018-10-02,17:20,59.2646975,18.0085744,3
2018-10-02,17:21,59.2646975,18.0085744,3
2018-10-02,17:22,59.2646975,18.0085744,3
2018-10-02,17:23,59.2646975,18.0085744,3
2018-10-02,17:24,59.2646975,18.0085744,3
2018-10-02,17:37,59.2649301521602,18.008497659244327,3
2018-10-02,17:38,59.2647342,18.0086088,3
2018-10-02,17:39,59.264734,18.0086075,3
2018-10-02,17:40,59.2646934,18.0085565,3
2018-10-02,17:41,59.2646926,18.0085565,3
2018-10-02,17:42,59.2647417,18.0086147,3
2018-10-02,19:42,59.2646843,18.0085666,3
2018-10-02,19:43,59.2647306,18.0085812,3
2018-10-02,19:44,59.2647328,18.0086164,3
2018-10-02,19:45,59.2647207,18.0086378,3
2018-10-02,19:46,59.2647341,18.0086046,3
2018-10-02,19:47,59.2647164,18.0085874,3
2018-10-02,19:48,59.2647303,18.0085962,3
2018-10-02,19:49,59.2647249,18.008578,3
2018-10-02,19:50,59.26432477084087,18.009032321708926,3
2018-10-02,19:51,59.264714,18.0085816,3
2018-10-02,19:52,59.2647029,18.0085711,3
2018-10-02,19:53,59.2647187,18.0085768,3
2018-10-02,19:54,59.2647141,18.0085872,3
2018-10-02,19:55,59.264716,18.0085765,3
2018-10-02,19:56,59.2647,18.0085528,3
2018-10-02,20:07,59.2647186,18.0085759,3
2018-10-02,20:08,59.2647218,18.0085996,3
2018-10-02,20:09,59.2647231,18.0085997,3
2018-10-02,20:10,59.2638714,18.0087329,3
2018-10-02,20:11,59.2647151,18.0085777,3
2018-10-02,20:12,59.2647169,18.0085738,3
2018-10-02,20:13,59.2647181,18.0085742,3
2018-10-02,20:14,59.2647162,18.0085727,3
2018-10-02,20:15,59.264716,18.008573,3
2018-10-02,20:16,59.2647236,18.0085836,3
2018-10-02,20:17,59.2646921,18.0085566,3
2018-10-02,20:18,59.2647179,18.0085747,3
2018-10-02,20:19,59.2647175,18.0085737,3
2018-10-02,20:20,59.264717,18.0085742,3
2018-10-02,20:21,59.2647221,18.0085768,3
2018-10-02,20:22,59.2647167,18.0085785,3
2018-10-02,20:23,59.2647185,18.0085753,3
2018-10-02,20:24,59.2647174,18.008574,3
2018-10-02,20:25,59.2647171,18.0085741,3
2018-10-02,20:26,59.264717,18.0085775,3
2018-10-17,07:23,59.41180908876399,17.924582873644106,5
2018-10-17,07:24,59.41187325755056,17.924495061222817,5
2018-10-17,07:25,59.41190366790684,17.92437082548115,5
2018-10-17,07:26,59.41195527756943,17.924306541716426,5
2018-10-17,07:27,59.41202552607915,17.924309938639436,5
2018-10-17,07:28,59.4120387181452,17.92439824260251,5
2018-10-17,09:18,59.41191505202423,17.924489221888944,5
2018-10-17,09:19,59.411881089091224,17.92453748085441,5
2018-10-17,09:20,59.41197710807365,17.92444585551897,5
2018-10-17,09:21,59.4119091,17.9245431,5
2018-10-17,09:22,59.4119051,17.9245156,5
2018-10-17,09:23,59.4119031,17.9245751,5
2018-10-17,09:24,59.411842134283056,17.92452330235087,5
2018-10-17,09:25,59.411801734581616,17.924555645914936,5
2018-10-17,09:26,59.411841448658876,17.924574637739244,5
2018-10-17,09:27,59.41187392391115,17.92467348271649,5
2018-10-17,09:28,59.41189637747793,17.92458666855268,5
2018-10-17,09:29,59.41190711708112,17.9246227686975,5
2018-10-17,09:34,59.411911172040924,17.924452034080883,5
2018-10-17,09:35,59.411972,17.9244838,5
2018-10-17,09:36,59.41196732814895,17.924471454529378,5
2018-10-17,09:37,59.41189899168993,17.924583757573316,5
2018-10-17,09:38,59.41193394955928,17.924692927060203,5
2018-10-17,09:39,59.41204831994259,17.924714931629346,5
2018-10-17,09:40,59.411944,17.9245397,5
2018-10-17,09:41,59.4118974,17.9246155,5
2018-10-17,09:42,59.4119907,17.92443,5
2018-10-17,09:43,59.4119977,17.9245711,5
2018-10-17,09:44,59.4119516,17.9247074,5
2018-10-17,09:45,59.4119455,17.9247248,5
2018-10-17,09:46,59.41195585975486,17.924812987694278,5
2018-10-17,09:47,59.4119624,17.924768,5
2018-10-17,09:48,59.4119791232314,17.924491960466337,5
2018-10-17,09:49,59.4120601,17.9244982,5
2018-10-17,09:50,59.41197065415363,17.924631013166305,5
2018-10-17,09:51,59.4118909,17.9247226,5
2018-10-17,09:52,59.4118923,17.9244965,5
2018-10-17,09:53,59.4118568,17.924372,5
2018-10-17,09:54,59.4119542,17.9247549,5
2018-10-17,09:55,59.4119597,17.9246388,5
2018-10-17,09:56,59.41198717685135,17.924484476663363,5
2018-10-17,09:57,59.4120048,17.9244439,5
2018-10-17,09:58,59.4119833,17.9245624,5
2018-10-17,09:59,59.4119562,17.9247748,5
2018-10-17,10:00,59.4119743,17.9246253,5
2018-10-17,10:01,59.411991588381966,17.924744985054982,5
2018-10-17,10:02,59.411945103315574,17.924721824221876,5
2018-10-17,10:03,59.411906,17.9246093,5
2018-10-17,10:04,59.41190830270798,17.92465295303039,5
2018-10-17,10:05,59.41195180148558,17.924683460076636,5
2018-10-17,10:06,59.4119317086533,17.92471403822794,5
2018-10-17,10:07,59.411872,17.9245362,5
2018-10-17,10:08,59.4119267,17.9246556,5
2018-10-17,10:09,59.411964239420726,17.924789130501125,5
2018-10-17,10:10,59.41197548391529,17.924848675598767,5
2018-10-17,10:11,59.41202092438581,17.92478148239542,5
2018-10-17,10:12,59.4120285,17.9247583,5
2018-10-17,10:13,59.4119892,17.9247835,5
2018-10-17,10:14,59.4120165,17.9249621,5
2018-10-17,10:15,59.4120505,17.9248454,5
2018-10-17,10:16,59.4119683,17.9246127,5
2018-10-17,10:17,59.4121526,17.9245623,5
2018-10-17,10:18,59.4119701,17.9244659,5
2018-10-17,10:19,59.4117885,17.9246512,5
2018-10-17,10:20,59.41176534112962,17.924586045810084,5
2018-10-17,10:21,59.4118489,17.924632,5
2018-10-17,10:22,59.41205917710678,17.92447718326249,5
2018-10-17,10:23,59.4124236,17.9244657,5
2018-10-17,10:24,59.41185142311196,17.924286845717866,5
2018-10-17,10:25,59.41181567479355,17.92449978857642,5
2018-10-17,10:26,59.4118655,17.9246025,5
2018-10-17,10:27,59.411834709536656,17.924576750682665,5
2018-10-17,10:28,59.41175,17.9245842,5
2018-10-17,10:29,59.4120518,17.9247289,5
2018-10-17,10:30,59.4119315,17.924613,5
2018-10-17,10:31,59.411922346055206,17.924621985303645,5
2018-10-17,10:32,59.41184170662528,17.92468687952417,5
2018-10-17,10:33,59.4120189735372,17.924509115272357,5
2018-10-17,10:34,59.4119695470873,17.9246197497693,5
2018-10-17,10:35,59.411961949030385,17.92456485405654,5
2018-10-17,10:36,59.41196378007612,17.92484529786655,5
2018-10-17,10:37,59.4119594,17.9247426,5
2018-10-17,10:38,59.41205631989565,17.924720648793066,5
2018-10-17,10:39,59.41214893425515,17.92506419744846,5
2018-10-17,10:40,59.41196546000391,17.924756236270404,5
2018-10-17,10:41,59.41193540498623,17.924719647547306,5
2018-10-17,10:42,59.411929340091135,17.92476594995783,5
2018-10-17,10:43,59.411863591827135,17.924589247324793,5
2018-10-17,10:44,59.41153586270271,17.924342252792357,5
2018-10-17,10:45,59.4118707,17.9246952,5
2018-10-17,10:46,59.41189155098258,17.924697547388245,5
2018-10-17,10:47,59.411908128227935,17.92460567472337,5
2018-10-17,10:48,59.411929344331085,17.924630063238116,5
2018-10-17,10:49,59.41189485731222,17.924687986316403,5
2018-10-17,10:50,59.41188553609273,17.924555256806205,5
2018-10-17,10:55,59.4118832,17.924524,5
2018-10-17,10:56,59.41183779832966,17.924666677390643,5
2018-10-17,10:57,59.411849060899186,17.92478608133546,5
2018-10-17,10:58,59.41188595835204,17.924770511288717,5
2018-10-17,10:59,59.4119319,17.924532,5
2018-10-17,11:00,59.4119566,17.9245697,5
2018-10-17,11:01,59.41178687547905,17.924623046852535,5
2018-10-17,11:02,59.411835116758944,17.92445445254977,5
2018-10-17,11:03,59.4118951,17.924637,5
2018-10-17,11:04,59.41183017311184,17.92479806836476,5
2018-10-17,11:05,59.412076904949764,17.924656474802312,5
2018-10-17,11:06,59.4119100405337,17.924739482060208,5
2018-10-17,11:07,59.4118937,17.9247188,5
2018-10-17,11:08,59.41188531742109,17.92453910226286,5
2018-10-17,11:09,59.41187696017597,17.92454853536559,5
2018-10-17,11:10,59.411841860883825,17.924506421360963,5
2018-10-17,11:11,59.411846771619615,17.924487603753388,5
2018-10-17,11:12,59.41196657411547,17.924537929108926,5
2018-10-17,11:13,59.41189959684142,17.92460169063162,5
2018-10-17,11:14,59.41178360912451,17.924597443591075,5
2018-10-17,11:15,59.41181444020893,17.92460495159686,5
2018-10-17,11:16,59.4118589143236,17.924679016953203,5
2018-10-17,11:17,59.4117994,17.924558,5
2018-10-17,11:18,59.411946055737566,17.924546279544423,5
2018-10-17,11:19,59.41172931895254,17.923904402309955,5
2018-10-17,11:20,59.41170372954153,17.924264586292235,5
2018-10-17,11:21,59.41195334488335,17.925081137079015,5
2018-10-17,11:22,59.4118722382489,17.924571705334767,5
2018-10-17,11:41,59.411910770030964,17.924502017962347,5
2018-10-17,11:42,59.4119045016688,17.92460799067539,5
2018-10-17,11:43,59.41187638002429,17.924654115120507,5
2018-10-17,11:44,59.411860119164636,17.924520498314145,5
2018-10-17,11:45,59.41188800497661,17.924524493924892,5
2018-10-17,11:48,59.41180695831497,17.924369395912382,5
2018-10-17,11:49,59.41177478853741,17.92450042135775,5
2018-10-17,11:50,59.41182819358889,17.92440074402344,5
2018-10-17,11:51,59.41199494624079,17.924480614965002,5
2018-10-17,11:52,59.411956193581965,17.92447485381695,5
2018-10-17,11:57,59.4118867,17.9246258,5
2018-10-17,11:58,59.4119154,17.9244607,5
2018-10-17,11:59,59.4119686,17.9244941,5
2018-10-17,12:00,59.411982166912885,17.924445496933057,5
2018-10-17,12:01,59.4119397,17.9245339,5
2018-10-17,12:02,59.411809023551115,17.924597755865125,5
2018-10-17,12:03,59.411814040959705,17.924542955854093,5
2018-10-17,12:04,59.41184713873593,17.924586512875436,5
2018-10-17,12:05,59.41183833626399,17.924568482148334,5
2018-10-17,12:06,59.411835684691866,17.92455477482604,5
2018-10-17,12:09,59.411855779145,17.924612988175316,5
2018-10-17,12:10,59.412284803987234,17.92525401795109,5
2018-10-17,12:11,59.4118554,17.9246544,5
2018-10-17,12:12,59.411620412232324,17.924488062796012,5
2018-10-17,12:13,59.4118569,17.9246507,5
2018-10-17,12:14,59.411847818678176,17.924244995991355,5
2018-10-17,12:36,59.41185071302452,17.924838743245814,5
2018-10-17,12:37,59.411829225730465,17.924719357697924,5
2018-10-17,12:38,59.411766184649416,17.924476318173383,5
2018-10-17,12:39,59.41187816900203,17.924541632246758,5
2018-10-17,12:40,59.41187076299582,17.924532408661452,5
2018-10-17,12:41,59.411818872655566,17.924456622943342,5
2018-10-17,12:42,59.411813995408075,17.92444366270783,5
2018-10-17,12:43,59.411754755640835,17.924490681721107,5
2018-10-17,12:44,59.41181023539976,17.92450641775123,5
2018-10-17,12:45,59.41189167308161,17.924542746203223,5
2018-10-17,12:47,59.41173634910462,17.924522308014186,5
2018-10-17,12:48,59.411778094205786,17.92455172558804,5
2018-10-17,12:49,59.41187732661971,17.924469019244828,5
2018-10-17,12:50,59.411832863752004,17.92454923698824,5
2018-10-17,12:51,59.411974020511536,17.924429098402893,5
2018-10-17,12:56,59.4118696,17.9247079,5
2018-10-17,12:57,59.41190619608837,17.924864590116147,5
2018-10-17,12:58,59.411909,17.9245046,5
2018-10-17,12:59,59.41194270070955,17.924410184655862,5
2018-10-17,13:00,59.41190591609438,17.92442694075782,5
2018-10-17,13:01,59.411808846579596,17.924601473540978,5
2018-10-17,13:02,59.41192610843391,17.92438965413923,5
2018-10-17,13:03,59.411879389944176,17.924628025896958,5
2018-10-17,13:08,59.4119023,17.9247192,5
2018-10-17,13:09,59.4118244,17.9246287,5
2018-10-17,13:10,59.411854,17.9245871,5
2018-10-17,13:11,59.411824983147355,17.924643110074218,5
2018-10-17,13:12,59.4118929,17.924568,5
2018-10-17,13:13,59.4118726,17.9245374,5
2018-10-17,13:14,59.41196733417374,17.924582055385724,5
2018-10-17,13:15,59.411968900185784,17.92440407100675,5
2018-10-17,13:16,59.41188262844001,17.924457103850965,5
2018-10-17,13:17,59.4118728,17.9245372,5
2018-10-17,13:18,59.41184460076953,17.924507716238463,5
2018-10-17,13:19,59.41184947865209,17.9246923142563,5
2018-10-17,13:20,59.411873,17.9245364,5
2018-10-17,13:21,59.4119155,17.9245509,5
2018-10-17,13:22,59.41190114175915,17.92459719516467,5
2018-10-17,13:23,59.41182130404306,17.92446992136327,5
2018-10-17,13:24,59.41188879572902,17.92460945019812,5
2018-10-17,13:25,59.41188996436673,17.92467176671876,5
2018-10-17,13:26,59.411784144238034,17.92453148277319,5
2018-10-17,13:27,59.41193063031166,17.92439403485836,5
2018-10-17,13:35,59.4118839,17.9245737,5
2018-10-17,13:36,59.4118667,17.9245943,5
2018-10-17,13:37,59.411923800072884,17.924554263829133,5
2018-10-17,13:38,59.4119202,17.9245623,5
2018-10-17,13:39,59.4119487,17.9246367,5
2018-10-17,13:40,59.411982,17.924679,5
2018-10-17,13:41,59.4119999,17.9246048,5
2018-10-17,13:42,59.4118314,17.9246616,5
2018-10-17,13:43,59.41186,17.9246646,5
2018-10-17,13:44,59.41180843318761,17.924616296179437,5
2018-10-17,13:45,59.41198474417062,17.924699523535942,5
2018-10-17,13:46,59.41199532244358,17.92456590760692,5
2018-10-17,13:47,59.41205222546832,17.924337886010736,5
2018-10-17,13:48,59.41195667403216,17.924710947702756,5
2018-10-17,13:49,59.41195014925078,17.92455569710776,5
2018-10-17,13:50,59.41192414909113,17.924716499362418,5
2018-10-17,13:51,59.41197961756103,17.92464200142108,5
2018-10-17,13:52,59.41197253409579,17.924582118813255,5
2018-10-17,13:53,59.4119419010824,17.924410512873596,5
2018-10-17,14:02,59.4118375,17.9245544,5
2018-10-17,14:03,59.41183517150576,17.924477591647815,5
2018-10-17,14:04,59.412001,17.9246155,5
2018-10-17,14:05,59.41195622979591,17.924543618135704,5
2018-10-17,14:06,59.41198371694921,17.9247160954287,5
2018-10-17,14:07,59.41198079967324,17.924652050445275,5
2018-10-17,14:08,59.41206840129059,17.924726693128417,5
2018-10-17,14:09,59.4120053513174,17.924628378068846,5
2018-10-17,14:11,59.41176019786322,17.924443479978546,5
2018-10-17,14:15,59.4118009,17.9244772,5
2018-10-17,14:16,59.41186381304642,17.924522576122513,5
2018-10-17,14:17,59.4121322,17.9247084,5
2018-10-17,14:18,59.41247487650948,17.92475442441451,5
2018-10-17,14:19,59.41216978460361,17.92488016736701,5
2018-10-17,14:20,59.41218698896934,17.924924224114427,5
2018-10-17,14:21,59.412202256567014,17.92473677173763,5
2018-10-17,14:22,59.412101098145925,17.92479393906655,5
2018-10-17,14:23,59.412058,17.9246543,5
2018-10-17,14:24,59.4121166,17.9247463,5
2018-10-17,14:25,59.4122157687312,17.92479608221214,5
2018-10-17,14:26,59.41207079915629,17.92467504781737,5
2018-10-17,14:27,59.41198276494319,17.924679882183046,5
2018-10-17,14:28,59.41196963873017,17.9247261730356,5
2018-10-17,14:29,59.4120592,17.9247156,5
2018-10-17,14:30,59.4123747953428,17.924528157779665,5
2018-10-17,14:31,59.41223631810005,17.92456697701743,5
2018-10-17,14:32,59.41213030320119,17.92457570625021,5
2018-10-17,14:33,59.41203555116115,17.924656515181255,5
2018-10-17,14:34,59.41200829968924,17.92444683099581,5
2018-10-17,14:35,59.411872,17.924536,5
2018-10-17,14:36,59.41193625930984,17.92437307267352,5
2018-10-17,14:57,59.4119693,17.9246462,5
2018-10-17,14:58,59.41220094136833,17.924772078076092,5
2018-10-17,14:59,59.41225006243645,17.924726855920582,5
2018-10-17,15:00,59.41206190021315,17.924657150532692,5
2018-10-17,15:01,59.41195946617589,17.924583498414876,5
2018-10-17,15:02,59.41185923396018,17.924797552009927,5
2018-10-17,15:03,59.41187944512336,17.92472706677119,5
2018-10-17,15:04,59.41227997289874,17.924420083872338,5
2018-10-17,15:05,59.412169954526995,17.92477584912812,5
2018-10-17,15:17,59.4118949,17.9245053,5
2018-10-17,15:18,59.4119554,17.9245008,5
2018-10-17,15:19,59.41195374910334,17.924505291796724,5
2018-10-17,15:20,59.411994500328994,17.924615749795382,5
2018-10-17,15:21,59.41203078682903,17.924827159335578,5
2018-10-17,15:22,59.4119833191796,17.924538819283455,5
2018-10-17,15:23,59.412022808559904,17.92441576844782,5
2018-10-17,15:24,59.41212357779794,17.924299170039987,5
2018-10-17,15:27,59.41217,17.9244384,5
2018-10-17,15:28,59.41205480677476,17.924438059993484,5
2018-10-17,15:29,59.4123598198206,17.92534817462077,5
2018-10-17,15:30,59.41205878266192,17.92478956558746,5
2018-10-17,15:31,59.4120699864907,17.92496518756662,5
2018-10-17,15:32,59.41210633773899,17.92496086100253,5
2018-10-17,16:22,59.4118637,17.924644,5
2018-10-17,16:23,59.4118633,17.9246265,5
2018-10-17,16:24,59.4118776,17.9246155,5
2018-10-17,16:25,59.411891551117264,17.924643072004848,5
2018-10-17,16:26,59.4118615,17.9246184,5
2018-10-17,16:27,59.41191559451622,17.92446373063313,5
2018-10-17,16:28,59.41188532214383,17.92447439147579,5
2018-10-17,16:29,59.41189403425258,17.92464690442739,5
2018-10-17,16:30,59.4119042,17.9245336,5
2018-10-17,16:31,59.41196988492865,17.92446903616585,5
2018-10-17,16:32,59.4118725,17.9245357,5
2018-10-17,16:33,59.412128896265784,17.924679318691428,5
2018-10-17,16:34,59.41199956467256,17.924454260769902,5
2018-10-17,16:35,59.4120874693441,17.924196837156167,5
2018-10-17,16:36,59.41232481693482,17.924224828059913,5
2018-10-17,16:40,59.4119262,17.9245564,5
2018-10-17,16:41,59.4118719,17.9245372,5
2018-10-17,16:42,59.4117674,17.9247041,5
2018-10-17,16:43,59.4118755,17.9245166,5
2018-10-17,16:44,59.4121081824933,17.924853952546684,5
2018-10-17,16:45,59.41203305642831,17.924876654527697,5
2018-10-17,16:46,59.41196091925485,17.924898879368598,5
2018-10-17,16:47,59.41196661776058,17.924886326147384,5
2018-10-17,16:48,59.4119643,17.9247334,5
2018-10-17,16:49,59.411973555306744,17.92460771125091,5
2018-10-17,16:50,59.41199568833045,17.92458422383563,5
2018-10-17,16:51,59.41199480839692,17.924502621389163,5
2018-10-17,16:52,59.4118822,17.9245102,5
2018-10-17,16:53,59.4121029705564,17.923993569970136,5
2018-10-17,16:54,59.4118725,17.9245367,5
2018-10-17,16:55,59.41215916185677,17.924540252011962,5
2018-10-17,16:56,59.412154971871345,17.9248984226803,5
2018-10-17,16:57,59.4118821,17.9245239,5
2018-10-17,17:07,59.4122453,17.9242923,5
2018-10-17,17:08,59.4119658,17.924523,5
2018-10-17,17:09,59.4119184,17.9246197,5
2018-10-17,17:10,59.41183764180961,17.924475415147292,5
2018-10-17,17:11,59.411697544016654,17.92452415866651,5
2018-10-17,17:12,59.41185024569024,17.92443785813969,5
2018-10-17,17:13,59.41193968208531,17.924434809045188,5
2018-10-17,17:14,59.41185345083797,17.924460461332835,5
2018-10-17,17:15,59.4118829,17.9245215,5
2018-10-03,07:40,59.249973439977744,17.858277026691745,6
2018-10-03,07:41,59.249934604083805,17.858200127316344,6
2018-10-03,07:42,59.24993473273196,17.858226653422193,6
2018-10-03,07:43,59.24993749736803,17.858246021837875,6
2018-10-03,07:44,59.2499336,17.8583076,6
2018-10-03,07:45,59.25020827224633,17.856058753110705,6
2018-10-03,07:46,59.248353471855594,17.847294319265732,6
2018-10-03,07:47,59.242967789240375,17.836804760247784,6
2018-10-03,07:48,59.239014954017,17.836868845388846,6
2018-10-03,07:49,59.23872006961462,17.842706487171622,6
2018-10-03,07:50,59.23859425558255,17.84474904718864,6
2018-10-03,07:51,59.238710318773244,17.844829942477798,6
2018-10-03,07:52,59.23873471984843,17.84482554989272,6
2018-10-03,07:53,59.2387347,17.8448255,6
2018-10-03,07:54,59.238622,17.8447518,6
2018-10-03,07:55,59.23883757398593,17.842919519058427,6
2018-10-03,07:56,59.2388376,17.8429195,6
2018-10-03,07:57,59.2390633,17.8385611,6
2018-10-03,07:58,59.2401818,17.8372712,6
2018-10-03,07:59,59.24509324796745,17.84188180630567,6
2018-10-03,08:00,59.2499926,17.8520435,6
2018-10-03,08:01,59.249942,17.8649625,6
2018-10-03,08:02,59.25011851709726,17.87721370131833,6
2018-10-03,08:03,59.2457126,17.8864657,6
2018-10-03,08:04,59.24088027311921,17.89872920950689,6
2018-10-03,08:05,59.23714663274632,17.912763117230128,6
2018-10-03,08:06,59.233775840156255,17.9254863906531,6
2018-10-03,08:07,59.23088676459765,17.937227942250004,6
2018-10-03,08:08,59.23071916990418,17.942086790420635,6
2018-10-03,08:19,59.2472283,18.0013353,6
2018-10-03,08:20,59.247231,18.0013445,6
2018-10-03,08:21,59.2472357,18.0014944,6
2018-10-03,08:22,59.24722377021694,18.001563341079137,6
2018-10-03,08:23,59.2471828,18.0015317,6
2018-10-03,08:24,59.2471814,18.0015125,6
2018-10-03,08:25,59.2471756,18.0015265,6
2018-10-03,08:26,59.24715171504841,18.001513217758387,6
2018-10-03,08:27,59.2471558422373,18.001454697043187,6
2018-10-03,08:29,59.24717339858875,18.001497190687704,6
2018-10-03,08:30,59.247183261271665,18.001505063405695,6
2018-10-03,08:31,59.24719601252597,18.00151790650222,6
2018-10-03,08:32,59.247200591845605,18.001516974975647,6
2018-10-03,08:33,59.24720406829206,18.001502312413148,6
2018-10-03,08:34,59.24719987713648,18.00149792647863,6
2018-10-03,08:35,59.24852264131325,18.004462926069994,6
2018-10-03,08:36,59.25045619241982,18.002962729506574,6
2018-10-03,08:37,59.25363846570417,17.996546946842184,6
2018-10-03,08:38,59.25472854460176,17.986956182409394,6
2018-10-03,08:39,59.25759744338744,17.97951933928964,6
2018-10-03,08:41,59.2593352,17.9768592,6
2018-10-03,08:42,59.259346404300004,17.9768200634372,6
2018-10-03,08:43,59.259266910623076,17.977281897646087,6
2018-10-03,08:44,59.25825375106466,17.979617750268524,6
2018-10-03,08:45,59.25588256549157,17.981722913951565,6
2018-10-03,08:46,59.254433658031594,17.989753371318127,6
2018-10-03,08:47,59.2536323037862,17.995812356441682,6
2018-10-03,08:49,59.2504728,18.008527,6
2018-10-03,08:50,59.251120545895766,18.009840246294406,6
2018-10-03,08:51,59.25615506391155,18.014219430016478,6
2018-10-03,08:52,59.26025705018667,18.011410643528755,6
2018-10-03,08:53,59.26189106802671,18.016745778841543,6
2018-10-03,08:54,59.2630551,18.0138624,6
2018-10-03,08:55,59.2628929,18.0138466,6
2018-10-03,08:56,59.26283,18.0136761,6
2018-10-03,08:57,59.262630566603626,18.01382065223153,6
2018-10-03,08:58,59.2622881,18.0148594,6
2018-10-03,08:59,59.2620566,18.0151587,6
2018-10-03,09:00,59.2621755,18.0148492,6
2018-10-03,09:01,59.2621755,18.0148492,6
2018-10-03,09:27,59.262845,18.0138222,6
2018-10-03,09:28,59.26284303979402,18.01378129926498,6
2018-10-03,09:29,59.26325262465122,18.014192165998434,6
2018-10-03,09:30,59.264724043292176,18.016141248437304,6
2018-10-03,09:31,59.263720036391156,18.02114349154802,6
2018-10-03,09:32,59.26063044567401,18.026049528221865,6
2018-10-03,09:34,59.2603969,18.0384873,6
2018-10-03,09:35,59.26309766210506,18.042271667464973,6
2018-10-03,09:36,59.26358816803254,18.043852505387747,6
2018-10-03,09:37,59.263436107767625,18.043937453855772,6
2018-10-03,09:38,59.2633683,18.0437519,6
2018-10-03,09:39,59.2632358,18.0438202,6
2018-10-03,09:41,59.2632041,18.0438449,6
2018-10-03,09:42,59.2634638,18.0439837,6
2018-10-03,09:43,59.2627119,18.0430852,6
2018-10-03,09:44,59.25950291172937,18.04515489185469,6
2018-10-03,09:45,59.25258940005874,18.049246332135215,6
2018-10-03,09:46,59.25109356736637,18.06003595578743,6
2018-10-03,09:47,59.24439295441031,18.070708727238905,6
2018-10-03,09:48,59.24109094621786,18.083734839532163,6
2018-10-03,09:49,59.238596288411316,18.090896539191828,6
2018-10-03,09:50,59.235678846103355,18.09551389925998,6
2018-10-03,09:51,59.2356798292719,18.095538449942723,6
2018-10-03,09:54,59.23709394741048,18.10168310381483,6
2018-10-03,09:55,59.2370939,18.1016831,6
2018-10-03,09:56,59.2370939,18.1016831,6
2018-10-03,09:57,59.23709394741048,18.10168310381483,6
2018-10-03,09:58,59.2370939,18.1016831,6
2018-10-03,09:59,59.2371151,18.1016855,6
2018-10-03,10:00,59.2371275,18.1017004,6
2018-10-03,10:01,59.2371415,18.1016399,6
2018-10-03,10:02,59.2371260573535,18.101583330678494,6
2018-10-03,10:03,59.2372057,18.1016217,6
2018-10-03,10:04,59.2371677368398,18.101363139106976,6
2018-10-03,10:05,59.237290308874535,18.101038126444497,6
2018-10-03,10:06,59.24196041318053,18.104357650311833,6
2018-10-03,10:07,59.246326737604676,18.102956868279243,6
2018-10-03,10:08,59.253300180986024,18.099933165756834,6
2018-10-03,10:09,59.261670957714365,18.101205433054535,6
2018-10-03,10:10,59.25913179940151,18.09505148873869,6
2018-10-03,10:11,59.25644572380907,18.096055493458007,6
2018-10-03,10:12,59.25644572380907,18.096055493458007,6
2018-10-03,10:13,59.256462139038504,18.096061424787624,6
2018-10-03,10:14,59.25633247869972,18.097760310360556,6
2018-10-03,10:15,59.2562295,18.0975574,6
2018-10-03,10:16,59.25634087753604,18.09784662651529,6
2018-10-03,10:17,59.25632998766611,18.097833481898213,6
2018-10-03,10:18,59.2563717,18.0975814,6
2018-10-03,10:19,59.25632113692877,18.097687237154485,6
2018-10-03,10:20,59.25632499168899,18.0958652764685,6
2018-10-03,10:21,59.25762939831445,18.09507070281625,6
2018-10-03,10:22,59.257634,18.0950629,6
2018-10-03,10:23,59.257636694494835,18.095039877655687,6
2018-10-03,10:24,59.25763512584631,18.09502440667196,6
2018-10-03,10:25,59.25763202072126,18.09500951070592,6
2018-10-03,10:26,59.257631226215686,18.095008632691826,6
2018-10-03,10:27,59.2576349,18.0950103,6
2018-10-03,10:28,59.2576475,18.0950249,6
2018-10-03,10:29,59.2576618366789,18.095008326125466,6
2018-10-03,10:30,59.257664611469856,18.094976687019642,6
2018-10-03,10:31,59.2588891,18.0948564,6
2018-10-03,10:32,59.25978791337527,18.09494973567487,6
2018-10-03,10:33,59.25954215812677,18.092179613422008,6
2018-10-03,10:34,59.25832024598866,18.083565717015503,6
2018-10-03,10:35,59.2569485688296,18.081020613685197,6
2018-10-03,10:46,59.2555773,18.0814552,6
2018-10-03,10:47,59.25557914350054,18.08144952442966,6
2018-10-03,10:48,59.2555859,18.0814974,6
2018-10-03,10:49,59.25631647363497,18.08106016206985,6
2018-10-03,10:50,59.2573718281551,18.080601075822802,6
2018-10-03,10:51,59.25563371768057,18.07736678117374,6
2018-10-03,10:52,59.25329775191838,18.070279813045868,6
2018-10-03,10:53,59.25246952392751,18.064346913869223,6
2018-10-03,10:54,59.25144596145328,18.060104116666757,6
2018-10-03,10:55,59.25134981022898,18.05314448267236,6
2018-10-03,10:56,59.25668735563498,18.04650443771561,6
2018-10-03,10:57,59.259678333267566,18.03869769544625,6
2018-10-03,10:58,59.26048756986739,18.035977426930234,6
2018-10-03,11:00,59.2722598,18.0144734,6
2018-10-03,11:01,59.2717800940062,18.010883114935478,6
2018-10-03,11:02,59.263878284637414,18.007179547757282,6
2018-10-03,11:03,59.2565771,18.0137511,6
2018-10-03,11:04,59.2508023,18.0092873,6
2018-10-03,11:05,59.2450926,17.9986779,6
2018-10-03,11:06,59.24143877998314,17.98371911841293,6
2018-10-03,11:07,59.235241291925256,17.97409845585874,6
2018-10-03,11:08,59.2314075,17.9675185,6
2018-10-03,11:09,59.2262246,17.9563973,6
2018-10-03,11:10,59.220975898124934,17.94811787096593,6
2018-10-03,11:11,59.22152774838212,17.941269268388435,6
2018-10-03,11:12,59.22353028397379,17.936184121750536,6
2018-10-03,11:13,59.22298185404537,17.937721652956352,6
2018-10-03,11:14,59.22285750338476,17.938087599624122,6
2018-10-03,11:15,59.222913916753626,17.93829264914471,6
2018-10-03,11:16,59.2230032,17.939082,6
2018-10-03,11:17,59.2233179,17.9388969,6
2018-10-03,11:18,59.2232534,17.9390893,6
2018-10-03,11:19,59.2230367,17.9394333,6
2018-10-03,11:20,59.2229053,17.9393607,6
2018-10-03,11:21,59.22330701334966,17.939617790008654,6
2018-10-03,11:22,59.2229209,17.9397686,6
2018-10-03,11:23,59.2229249,17.9397544,6
2018-10-03,11:24,59.2229271,17.9397702,6
2018-10-03,11:27,59.222847,17.938962,6
2018-10-03,11:28,59.2229382,17.9384335,6
2018-10-03,11:29,59.2231988,17.9380108,6
2018-10-03,11:30,59.2241285,17.9349142,6
2018-10-03,11:31,59.22505,17.9410541,6
2018-10-03,11:32,59.2239131,17.9493428,6
2018-10-03,11:33,59.2259539,17.9567733,6
2018-10-03,11:34,59.2342714,17.9782908,6
2018-10-03,11:35,59.23899889058419,17.977283800313472,6
2018-10-03,11:36,59.242938607589885,17.992071449525973,6
2018-10-03,11:37,59.2433575,17.9937233,6
2018-10-03,11:38,59.24731941604477,18.0043896009709,6
2018-10-03,11:39,59.24968367767293,18.008567907856253,6
2018-10-03,11:40,59.25486296210626,18.013718727360885,6
2018-10-03,11:41,59.2568179,18.0156776,6
2018-10-03,11:42,59.25748117561611,18.01442328831933,6
2018-10-03,11:43,59.25748117561611,18.01442328831933,6
2018-10-03,11:44,59.2574842,18.0144095,6
2018-10-03,11:45,59.25748117561611,18.01442328831933,6
2018-10-03,11:46,59.25748117561611,18.01442328831933,6
2018-10-03,11:47,59.257490694943634,18.01435447336553,6
2018-10-03,11:48,59.25576322632343,18.019989366552178,6
2018-10-03,11:49,59.252333385958096,18.026302632687027,6
2018-10-03,11:50,59.253764098983424,18.02990453821224,6
2018-10-03,12:31,59.25485367090107,18.02895054322357,6
2018-10-03,12:32,59.25482810776511,18.028795757268604,6
2018-10-03,12:33,59.25408456351741,18.029881489594395,6
2018-10-03,12:34,59.253800341036275,18.033703024680563,6
2018-10-03,12:35,59.25678024551139,18.03619228718825,6
2018-10-03,12:36,59.256769053814075,18.031296241512077,6
2018-10-03,12:37,59.25667863557067,18.030211055467344,6
2018-10-03,12:39,59.2607947,18.0375919,6
2018-10-03,12:40,59.260646810767774,18.03577216367884,6
2018-10-03,12:41,59.257697223852134,18.045312643953682,6
2018-10-03,12:42,59.251577155061184,18.05093749040794,6
2018-10-03,12:43,59.25032507853044,18.061763746310174,6
2018-10-03,12:44,59.24443217135552,18.070685983436558,6
2018-10-03,12:45,59.24255080974849,18.079212215235884,6
2018-10-03,12:55,59.2018615,18.125576,6
2018-10-03,12:56,59.201928163747766,18.125615735472962,6
2018-10-03,12:57,59.201945535351236,18.12558177114787,6
2018-10-03,12:58,59.201851091091854,18.1254985328431,6
2018-10-03,12:59,59.200099183639075,18.127349681336085,6
2018-10-03,13:00,59.20028159082521,18.1347873995319,6
2018-10-03,13:20,59.2575804,18.0329465,6
2018-10-03,13:21,59.25893590331048,18.031645803437577,6
2018-10-03,13:22,59.2589359,18.0316458,6
2018-10-03,13:23,59.25893590331048,18.031645803437577,6
2018-10-03,13:24,59.2589359,18.0316458,6
2018-10-03,13:25,59.2589359,18.0316458,6
2018-10-03,13:26,59.2589274,18.0316792,6
2018-10-03,13:27,59.2589037,18.0317164,6
2018-10-03,13:28,59.2588988,18.0317369,6
2018-10-03,13:29,59.258807664158546,18.031381297428833,6
2018-10-03,13:30,59.258804,18.0313454,6
2018-10-03,13:31,59.2588661,18.0316309,6
2018-10-03,13:32,59.2589852,18.0320627,6
2018-10-03,13:33,59.2591998,18.032471,6
2018-10-03,13:34,59.259073,18.0320954,6
2018-10-03,13:35,59.2585119,18.0297957,6
2018-10-03,13:36,59.2583104,18.0305427,6
2018-10-03,13:37,59.258294780381824,18.030535652809984,6
2018-10-03,13:38,59.2582767,18.0305592,6
2018-10-03,13:39,59.25849747855352,18.030161348788372,6
2018-10-03,13:40,59.25849917004249,18.030133360489167,6
2018-10-03,13:41,59.258863,18.0313104,6
2018-10-03,13:42,59.2594862,18.0313534,6
2018-10-03,13:43,59.2588871,18.0316582,6
2018-10-03,13:44,59.25887352620397,18.031664661739658,6
2018-10-03,13:45,59.259032168373665,18.032284418481417,6
2018-10-03,13:46,59.2593421,18.0328826,6
2018-10-03,13:47,59.2593802,18.032879,6
2018-10-03,13:48,59.2593519,18.0328544,6
2018-10-03,13:49,59.25935164995847,18.032849302949767,6
2018-10-03,13:50,59.2593440311402,18.032853079258754,6
2018-10-03,13:51,59.25934201337415,18.032836451381,6
2018-10-03,13:52,59.259338128962554,18.032824961875882,6
2018-10-03,13:53,59.2593457,18.0328432,6
2018-10-03,13:54,59.2593419,18.0328677,6
2018-10-03,13:55,59.25915680288131,18.032213253736508,6
2018-10-03,13:56,59.2582445895447,18.02903506468226,6
2018-10-03,13:57,59.2566017326541,18.02712564794314,6
2018-10-03,13:58,59.2575306,18.0212905,6
2018-10-03,13:59,59.259834,18.0234088,6
2018-10-03,14:00,59.259132710989164,18.027778868059407,6
2018-10-03,14:01,59.2574359,18.03195,6
2018-10-03,14:02,59.25521308225581,18.036208309083307,6
2018-10-03,14:03,59.253333132365206,18.032026180134505,6
2018-10-03,14:04,59.254090520526056,18.029907768228476,6
2018-10-03,14:05,59.25471867855628,18.028005398486695,6
2018-10-03,14:06,59.2547187,18.0280054,6
2018-10-03,14:07,59.2548427,18.0279106,6
2018-10-03,14:08,59.25471867855628,18.028005398486695,6
2018-10-03,14:09,59.25471301328438,18.02795201113345,6
2018-10-03,14:10,59.254712219682034,18.02790524656808,6
2018-10-03,14:11,59.25471080585381,18.027945315873634,6
2018-10-03,14:37,59.2548529,18.0296616,6
2018-10-03,14:38,59.2549288,18.0296557,6
2018-10-03,14:39,59.2549173,18.0296585,6
2018-10-03,14:40,59.2549198,18.029646,6
2018-10-03,14:41,59.2548447,18.029701,6
2018-10-03,14:42,59.2548645,18.0296688,6
2018-10-03,14:43,59.2548295,18.029698,6
2018-10-03,14:44,59.2549257,18.0296698,6
2018-10-03,14:45,59.2549292,18.0296468,6
2018-10-03,14:46,59.254926,18.0296662,6
2018-10-03,14:47,59.2549264,18.0296647,6
2018-10-03,14:48,59.2549259,18.0296673,6
2018-10-03,16:56,59.2549286,18.0296512,6
2018-10-03,16:57,59.254833,18.0296642,6
2018-10-03,16:58,59.25480471516132,18.02915861158125,6
2018-10-03,16:59,59.254877,18.0285306,6
2018-10-03,17:00,59.254732884534,18.027980910199744,6
2018-10-03,17:01,59.2547206,18.0279693,6
2018-10-03,17:02,59.254363020756635,18.029733423744144,6
2018-10-03,17:03,59.253068477921154,18.031282024593043,6
2018-10-03,17:04,59.25486152961151,18.035979916574867,6
2018-10-03,17:05,59.25747404519651,18.035648784065117,6
2018-10-03,17:06,59.258169261954436,18.030673672742743,6
2018-10-03,17:09,59.2631898,18.0427365,6
2018-10-03,17:10,59.263189818043195,18.04273667405113,6
2018-10-03,17:11,59.2631898,18.0427367,6
2018-10-03,17:12,59.263189818043195,18.04273667405113,6
2018-10-03,17:13,59.263192020810024,18.04281341714239,6
2018-10-03,17:14,59.26321657329872,18.042801710486213,6
2018-10-03,17:15,59.26321983736606,18.042806608226837,6
2018-10-03,17:16,59.2632382,18.042828,6
2018-10-03,17:17,59.263254524920505,18.042833747827583,6
2018-10-03,17:18,59.263252613145895,18.042803041048224,6
2018-10-03,17:19,59.263250674299336,18.04279806583462,6
2018-10-03,17:20,59.26325368489839,18.042810259981366,6
2018-10-03,17:21,59.26344795876732,18.04223393384625,6
2018-10-03,17:23,59.2597772,18.0362842,6
2018-10-03,17:24,59.25709401231505,18.028621987611412,6
2018-10-03,17:25,59.25652334892035,18.021671052779283,6
2018-10-03,17:26,59.2569125,18.0146204,6
2018-10-03,17:27,59.2568902,18.014147,6
2018-10-03,17:28,59.25126400203812,18.00963341911355,6
2018-10-03,17:29,59.249617891308645,18.00768472369833,6
2018-10-03,17:30,59.24572599991485,18.000231022433713,6
2018-10-03,17:31,59.243387872981444,17.992689178166287,6
2018-10-03,17:32,59.2401613629636,17.979036574370276,6
2018-10-03,17:33,59.233151699273094,17.972048384030536,6
2018-10-03,17:34,59.229930818421316,17.964983052213956,6
2018-10-03,17:35,59.22423528241281,17.95358098188728,6
2018-10-03,17:36,59.220556135280646,17.947613341823892,6
2018-10-03,17:39,59.2229295,17.9382349,6
2018-10-03,17:40,59.2229506,17.9383224,6
2018-10-03,17:41,59.222982437243104,17.93911667762161,6
2018-10-03,17:42,59.2232959,17.9391635,6
2018-10-03,17:43,59.2233665,17.9393913,6
2018-10-03,17:44,59.2230973,17.9396758,6
2018-10-03,17:45,59.2229935,17.9389743,6
2018-10-03,17:47,59.2229616,17.9383572,6
2018-10-03,17:48,59.222822424827,17.93862539920835,6
2018-10-03,17:49,59.22353524684021,17.93694733660552,6
2018-10-03,17:50,59.22541382515354,17.936436417086146,6
2018-10-03,17:51,59.225105323193034,17.945414911980752,6
2018-10-03,17:52,59.2243982,17.9464819,6
2018-10-03,17:53,59.22465250038757,17.947911313480855,6
2018-10-03,17:54,59.2230179,17.9521805,6
2018-10-03,17:55,59.22864752153176,17.962658669207094,6
2018-10-03,17:56,59.23494515272026,17.974259621011786,6
2018-10-03,17:57,59.2408422006979,17.981830446285212,6
2018-10-03,17:58,59.243456190800764,17.99349931373724,6
2018-10-03,17:59,59.24717127420284,18.00363246620202,6
2018-10-03,18:00,59.250152540445605,18.008851039175504,6
2018-10-03,18:07,59.2603599,18.0345655,6
2018-10-03,18:08,59.26035927660977,18.03456339707989,6
2018-10-03,18:09,59.26035927660977,18.03456339707989,6
2018-10-03,18:10,59.2603593,18.0345634,6
2018-10-03,18:11,59.260289,18.0349281,6
2018-10-03,18:12,59.26020708177986,18.0377007338874,6
2018-10-03,18:13,59.25769841851279,18.02975431575337,6
2018-10-03,18:14,59.25684734021609,18.031439417020803,6
2018-10-03,18:15,59.25639603301852,18.030638843342675,6
2018-10-03,18:16,59.25638460573843,18.030609617574623,6
2018-10-03,18:17,59.2564293,18.030521,6
2018-10-03,18:18,59.2563747,18.0301534,6
2018-10-03,18:19,59.2564987,18.0299479,6
2018-10-03,18:20,59.2565427,18.0300466,6
2018-10-03,18:21,59.2565206,18.0300721,6
2018-10-03,18:22,59.2565389,18.0300683,6
2018-10-03,18:23,59.2565141,18.0300935,6
2018-10-03,18:24,59.2565399,18.0300536,6
2018-10-03,18:25,59.2565356,18.0300712,6
2018-10-03,18:26,59.2565398,18.0300517,6
2018-10-03,18:27,59.2565398,18.0300519,6
2018-10-03,18:28,59.2565396,18.0300519,6
2018-10-03,18:29,59.2565404,18.0300511,6
2018-10-03,18:30,59.2565402,18.0300513,6
2018-10-03,18:32,59.2565262,18.0300595,6
2018-10-03,18:33,59.2565418,18.0300469,6
2018-10-03,18:34,59.2565447,18.0300273,6
2018-10-03,18:35,59.2565118,18.030086,6
2018-10-03,18:36,59.2587871,18.0278544,6
2018-10-03,18:37,59.2565406,18.030048,6
2018-10-03,18:38,59.2565358,18.0300543,6
2018-10-03,18:39,59.256536,18.030052,6
2018-10-03,18:40,59.2565228,18.0300723,6
2018-10-03,18:41,59.2565236,18.0300621,6
2018-10-03,18:42,59.25654,18.0300507,6
2018-10-03,18:43,59.2565168,18.0300926,6
2018-10-03,18:44,59.2565369,18.030054,6
2018-10-03,18:45,59.2565442,18.030031,6
2018-10-03,18:46,59.2565418,18.0300493,6
2018-10-03,18:47,59.2565421,18.0300484,6
2018-10-03,18:48,59.256542,18.0300486,6
2018-10-03,18:49,59.2565421,18.0300484,6
2018-10-03,18:51,59.2565264,18.0300618,6
2018-10-03,18:52,59.2565392,18.0300492,6
2018-10-03,18:53,59.2565395,18.0300491,6
2018-10-03,18:54,59.2565396,18.0300491,6
2018-10-03,18:55,59.2565392,18.0300492,6
2018-10-03,18:56,59.2565254,18.0300649,6
2018-10-03,18:57,59.2565453,18.0300295,6
2018-10-03,18:58,59.2565451,18.0300297,6
2018-10-03,18:59,59.2565445,18.0300263,6
2018-10-03,19:00,59.2565425,18.030047,6
2018-10-03,19:01,59.2565369,18.0300537,6
2018-10-03,19:02,59.2565371,18.0300537,6
2018-10-03,19:03,59.256538,18.0300525,6
2018-10-03,19:04,59.2565371,18.0300537,6
2018-10-03,19:05,59.2565378,18.0300528,6
2018-10-03,19:11,59.2564812,18.0301094,6
2018-10-03,19:12,59.2565257,18.0300552,6
2018-10-03,19:13,59.2565186,18.0300854,6
2018-10-03,19:14,59.2565263,18.030059,6
2018-10-03,19:15,59.2565186,18.0300852,6
2018-10-03,19:16,59.2565274,18.0300537,6
2018-10-03,19:22,59.2565256,18.030062,6
2018-10-03,19:23,59.2565255,18.0300576,6
2018-10-03,19:24,59.2565267,18.0300584,6
2018-10-03,19:25,59.2564787,18.0300985,6
2018-10-03,19:26,59.2581189,18.0299274,6
2018-10-03,19:27,59.2565241,18.0300681,6
2018-10-03,19:28,59.2565228,18.0300647,6
2018-10-03,19:29,59.2565126,18.0300841,6
2018-10-03,19:30,59.2565239,18.0300582,6
2018-10-03,19:31,59.2565355,18.0300384,6
2018-10-03,19:32,59.2565311,18.0300487,6
2018-10-03,19:33,59.2565263,18.0300584,6
2018-10-03,19:54,59.254929,18.0296499,6
2018-10-03,19:55,59.2549282,18.0296483,6
2018-10-03,19:56,59.2549281,18.0296507,6
2018-10-03,19:57,59.2549281,18.0296508,6
2018-10-03,19:58,59.2549281,18.0296509,6
2018-10-03,19:59,59.2549256,18.0296697,6
2018-10-03,20:00,59.2549282,18.0296507,6
2018-10-03,20:01,59.2549202,18.029661,6
2018-10-03,20:02,59.2549145,18.0296535,6
2018-10-03,20:03,59.2549283,18.0296497,6
2018-10-03,20:04,59.2549283,18.0296497,6
2018-10-03,20:05,59.2549283,18.0296496,6
2018-10-03,20:06,59.2549283,18.0296496,6
2018-10-03,20:11,59.2549137,18.0296548,6
2018-10-03,20:12,59.2549135,18.0296542,6
2018-10-03,20:13,59.2547775,18.0292059,6
2018-10-03,20:14,59.2549842,18.0285707,6
2018-10-03,20:44,59.26492008843968,18.00871045544955,6
2018-10-03,20:45,59.26416995557252,18.00801339052506,6
2018-10-03,20:46,59.26203568038666,18.00292221833087,6
2018-10-03,20:47,59.25983469555809,18.009321898066535,6
2018-10-03,20:48,59.25703642498405,18.013915222505215,6
2018-10-03,21:53,59.2547183,18.0279516,6
2018-10-03,21:54,59.25471829420152,18.02795156018403,6
2018-10-03,21:55,59.254864023770814,18.02885328158564,6
2018-10-03,21:56,59.2548241,18.0294965,6
2018-10-02,08:18,59.3878935,17.8022909,7
2018-10-02,08:19,59.3877335,17.8024961,7
2018-10-02,08:20,59.3877335,17.8024961,7
2018-10-02,08:21,59.3877335,17.8024961,7
2018-10-02,08:22,59.3877335,17.8024961,7
2018-10-02,08:23,59.3877335,17.8024961,7
2018-10-02,08:24,59.38773354703839,17.802496087888784,7
2018-10-02,08:25,59.3877335,17.8024961,7
2018-10-02,08:26,59.3877335,17.8024961,7
2018-10-02,08:27,59.3877335,17.8024961,7
2018-10-02,08:28,59.3877335,17.8024961,7
2018-10-02,08:29,59.38773354703839,17.802496087888784,7
2018-10-02,08:30,59.38773354703839,17.802496087888784,7
2018-10-02,08:31,59.38773354703839,17.802496087888784,7
2018-10-02,08:32,59.3878051,17.8024101,7
2018-10-02,08:33,59.3877449,17.8024397,7
2018-10-02,08:34,59.38773354703839,17.802496087888784,7
2018-10-02,08:49,59.387808,17.8024084,7
2018-10-02,08:50,59.38794700536149,17.802543846699585,7
2018-10-02,08:51,59.38794700536149,17.802543846699585,7
2018-10-02,08:52,59.38794700536149,17.802543846699585,7
2018-10-02,08:53,59.38794700536149,17.802543846699585,7
2018-10-02,08:54,59.38794700536149,17.802543846699585,7
2018-10-02,08:55,59.38794700536149,17.802543846699585,7
2018-10-02,09:09,59.38790999569072,17.802540166589065,7
2018-10-02,09:10,59.38790999569072,17.802540166589065,7
2018-10-02,09:11,59.38791,17.8025402,7
2018-10-02,09:12,59.38791,17.8025402,7
2018-10-02,09:13,59.38791,17.8025402,7
2018-10-02,09:14,59.38791,17.8025402,7
2018-10-02,09:15,59.38791,17.8025402,7
2018-10-02,09:16,59.38791,17.8025402,7
2018-10-02,09:17,59.38791,17.8025402,7
2018-10-02,09:18,59.38791,17.8025402,7
2018-10-02,09:19,59.38791,17.8025402,7
2018-10-02,09:20,59.38791,17.8025402,7
2018-10-02,09:21,59.38791,17.8025402,7
2018-10-02,09:22,59.3878143,17.8024207,7
2018-10-02,09:23,59.3878066,17.802413,7
2018-10-02,09:24,59.3878066,17.802413,7
2018-10-02,09:25,59.3878066,17.802413,7
2018-10-02,09:26,59.3878066,17.802413,7
2018-10-02,09:27,59.3878066,17.802413,7
2018-10-02,09:28,59.3878066,17.802413,7
2018-10-02,09:29,59.3878066,17.802413,7
2018-10-02,09:30,59.3878066,17.802413,7
2018-10-02,09:31,59.3878066,17.802413,7
2018-10-02,09:32,59.38780658679918,17.802412950189705,7
2018-10-02,09:33,59.38780658679918,17.802412950189705,7
2018-10-02,09:34,59.38780658679918,17.802412950189705,7
2018-10-02,09:35,59.3878153,17.8023909,7
2018-10-02,09:36,59.3878168,17.8024297,7
2018-10-02,09:51,59.3878066,17.802413,7
2018-10-02,09:52,59.38770145027322,17.802690306199086,7
2018-10-02,09:53,59.38771823330158,17.802490784089034,7
2018-10-02,09:54,59.38776055508749,17.802237167192512,7
2018-10-02,09:55,59.387771650321156,17.802367355617456,7
2018-10-02,09:56,59.38780625919797,17.80244164637421,7
2018-10-02,10:03,59.390129,17.8012317,7
2018-10-02,10:04,59.390746858989814,17.805338537957734,7
2018-10-02,10:05,59.38963978019518,17.818165342961457,7
2018-10-02,10:06,59.38906448174455,17.825812356422556,7
2018-10-02,10:07,59.396341504399,17.83112625444003,7
2018-10-02,10:08,59.40111772275968,17.84121699394602,7
2018-10-02,10:09,59.405024093275074,17.841413775832393,7
2018-10-02,10:19,59.45454260790968,17.804741830688222,7
2018-10-02,10:20,59.454565950529364,17.80959822199569,7
2018-10-02,10:21,59.457473706175065,17.81955152255123,7
2018-10-02,10:22,59.45547869604012,17.82157485359928,7
2018-10-02,10:23,59.455452,17.8199086,7
2018-10-02,10:24,59.455452,17.8199086,7
2018-10-02,10:25,59.455452,17.8199086,7
2018-10-02,10:26,59.455452,17.8199086,7
2018-10-02,10:27,59.4554456,17.8199315,7
2018-10-02,10:28,59.4556119,17.8230405,7
2018-10-02,10:29,59.4546742,17.8280716,7
2018-10-02,10:30,59.4502032,17.834954,7
2018-10-02,10:31,59.4400647,17.842807,7
2018-10-02,10:32,59.4260009,17.8504127,7
2018-10-02,10:33,59.4092047,17.8580476,7
2018-10-02,10:34,59.4011855,17.8780529,7
2018-10-02,10:35,59.4007907,17.885733,7
2018-10-02,10:36,59.4053849,17.8922399,7
2018-10-02,10:37,59.4114399,17.8968402,7
2018-10-02,10:38,59.4153744,17.9067474,7
2018-10-02,10:39,59.4183208,17.9181369,7
2018-10-02,10:40,59.4165215,17.9246064,7
2018-10-02,10:41,59.4189919,17.9260772,7
2018-10-02,10:42,59.4197564,17.920393,7
2018-10-02,10:43,59.4169151,17.9229208,7
2018-10-02,10:44,59.41871034286141,17.9211020556173,7
2018-10-02,10:45,59.418620582212895,17.921208886007783,7
2018-10-02,10:46,59.41838877602404,17.92155145151176,7
2018-10-02,10:47,59.4187052,17.9217982,7
2018-10-02,10:48,59.4185071824054,17.922027072750073,7
2018-10-02,10:49,59.41858144807655,17.921869285350148,7
2018-10-02,11:09,59.4158364,17.9333824,7
2018-10-02,11:10,59.41065105390546,17.952632406501934,7
2018-10-02,11:11,59.3999856,17.9758243,7
2018-10-02,11:12,59.3904152,17.9957652,7
2018-10-02,11:13,59.3800025,18.0109876,7
2018-10-02,11:14,59.3679898,18.0203374,7
2018-10-02,11:15,59.3579554,18.0301907,7
2018-10-02,11:16,59.3515525,18.0404579,7
2018-10-02,11:17,59.3501757,18.0480459,7
2018-10-02,11:18,59.3509492,18.0546707,7
2018-10-02,11:19,59.34853701401467,18.05992018941204,7
2018-10-02,11:20,59.34670018461541,18.06148413380423,7
2018-10-02,11:21,59.34388046664946,18.062930566685136,7
2018-10-02,11:22,59.340917155231814,18.06532346102544,7
2018-10-02,11:23,59.33802188386347,18.06926772658463,7
2018-10-02,11:24,59.337806479477656,18.069758820028007,7
2018-10-02,11:25,59.3351284,18.0736069,7
2018-10-02,11:26,59.334277,18.0746483,7
2018-10-02,11:27,59.3333824,18.0757507,7
2018-10-02,11:28,59.3333766,18.0757633,7
2018-10-02,11:29,59.3309375,18.0772903,7
2018-10-02,11:30,59.3289832,18.0766868,7
2018-10-02,11:31,59.3290127,18.0763392,7
2018-10-02,11:32,59.3290117,18.0763408,7
2018-10-02,11:33,59.3289681,18.07641,7
2018-10-02,11:34,59.3289599,18.0764307,7
2018-10-02,11:35,59.3289599,18.0764307,7
2018-10-02,11:36,59.3289599,18.0764307,7
2018-10-02,11:37,59.3289599,18.0764307,7
2018-10-02,11:38,59.3290208,18.07659,7
2018-10-02,11:39,59.3290208,18.07659,7
2018-10-02,11:40,59.3290208,18.07659,7
2018-10-02,11:41,59.3290613,18.0765465,7
2018-10-02,11:42,59.3290613,18.0765465,7
2018-10-02,11:43,59.3290613,18.0765465,7
2018-10-02,11:44,59.3290613,18.0765465,7
2018-10-02,11:45,59.3290613,18.0765465,7
2018-10-02,11:46,59.3290613,18.0765465,7
2018-10-02,11:47,59.3290613,18.0765465,7
2018-10-02,11:48,59.3290613,18.0765465,7
2018-10-02,11:49,59.3290613,18.0765465,7
2018-10-02,11:50,59.3290613,18.0765465,7
2018-10-02,11:51,59.3290613,18.0765465,7
2018-10-02,11:52,59.3290613,18.0765465,7
2018-10-02,11:53,59.3290613,18.0765465,7
2018-10-02,11:54,59.3290613,18.0765465,7
2018-10-02,11:55,59.3290613,18.0765465,7
2018-10-02,11:56,59.3290613,18.0765465,7
2018-10-02,11:57,59.32911647128816,18.07648813550705,7
2018-10-02,11:58,59.32911647128816,18.07648813550705,7
2018-10-02,11:59,59.329179,18.076431,7
2018-10-02,12:00,59.32911647128816,18.07648813550705,7
2018-10-02,12:01,59.32911647128816,18.07648813550705,7
2018-10-02,12:02,59.32911647128816,18.07648813550705,7
2018-10-02,12:03,59.3291136,18.076472,7
2018-10-02,12:04,59.3291136,18.076472,7
2018-10-02,12:05,59.3291136,18.076472,7
2018-10-02,12:06,59.3291136,18.076472,7
2018-10-02,12:07,59.3291136,18.076472,7
2018-10-02,12:08,59.3291136,18.076472,7
2018-10-02,12:09,59.3291136,18.076472,7
2018-10-02,12:10,59.3291136,18.076472,7
2018-10-02,12:11,59.3291136,18.076472,7
2018-10-02,12:12,59.3291136,18.076472,7
2018-10-02,12:13,59.3291704,18.0763883,7
2018-10-02,12:14,59.3291704,18.0763883,7
2018-10-02,12:15,59.3291704,18.0763883,7
2018-10-02,12:16,59.329191,18.0763145,7
2018-10-02,12:17,59.329191,18.0763144,7
2018-10-02,12:18,59.329191,18.0763144,7
2018-10-02,12:19,59.3291855,18.0763302,7
2018-10-02,12:20,59.3291855,18.0763302,7
2018-10-02,12:21,59.3291855,18.0763302,7
2018-10-02,12:22,59.3291855,18.0763302,7
2018-10-02,12:23,59.3291855,18.0763302,7
2018-10-02,12:24,59.329379,18.0762594,7
2018-10-02,12:25,59.329203,18.076264,7
2018-10-02,12:26,59.329203,18.076264,7
2018-10-02,12:27,59.329203,18.076264,7
2018-10-02,12:28,59.329203,18.076264,7
2018-10-02,12:29,59.329203,18.076264,7
2018-10-02,12:30,59.329203,18.076264,7
2018-10-02,12:31,59.329203,18.076264,7
2018-10-02,12:32,59.329203,18.076264,7
2018-10-02,12:33,59.3294018,18.076458,7
2018-10-02,12:34,59.329203,18.076264,7
2018-10-02,12:35,59.329203013661996,18.07626400070395,7
2018-10-02,12:36,59.329203,18.076264,7
2018-10-02,12:37,59.329203,18.076264,7
2018-10-02,12:38,59.329203,18.076264,7
2018-10-02,12:39,59.329203,18.076264,7
2018-10-02,12:40,59.329203,18.076264,7
2018-10-02,12:41,59.329203,18.076264,7
2018-10-02,12:42,59.329203,18.076264,7
2018-10-02,12:43,59.329203,18.076264,7
2018-10-02,12:44,59.329203,18.076264,7
2018-10-02,12:45,59.329203,18.076264,7
2018-10-02,12:46,59.3283726,18.0743646,7
2018-10-02,12:47,59.329203,18.076264,7
2018-10-02,12:48,59.329203,18.076264,7
2018-10-02,12:49,59.329203,18.076264,7
2018-10-02,12:50,59.329203,18.076264,7
2018-10-02,12:51,59.329203,18.076264,7
2018-10-02,12:52,59.329203,18.076264,7
2018-10-02,12:53,59.329203,18.076264,7
2018-10-02,12:54,59.329203,18.076264,7
2018-10-02,12:55,59.329203,18.076264,7
2018-10-02,12:56,59.329203,18.076264,7
2018-10-02,12:57,59.329203,18.076264,7
2018-10-02,12:58,59.329203,18.076264,7
2018-10-02,12:59,59.329203,18.076264,7
2018-10-02,13:00,59.329203,18.076264,7
2018-10-02,13:01,59.329203,18.076264,7
2018-10-02,13:02,59.329203,18.076264,7
2018-10-02,13:03,59.329203,18.076264,7
2018-10-02,13:04,59.329203,18.076264,7
2018-10-02,13:05,59.329203,18.076264,7
2018-10-02,13:06,59.329203,18.076264,7
2018-10-02,13:07,59.329203,18.076264,7
2018-10-02,13:08,59.329203,18.076264,7
2018-10-02,13:09,59.329203,18.076264,7
2018-10-02,13:10,59.329203,18.076264,7
2018-10-02,13:11,59.329203,18.076264,7
2018-10-02,13:12,59.329203013661996,18.07626400070395,7
2018-10-02,13:13,59.329203,18.076264,7
2018-10-02,13:14,59.329203,18.076264,7
2018-10-02,13:15,59.3292236,18.0761517,7
2018-10-02,13:16,59.329221,18.0761371,7
2018-10-02,13:17,59.329221,18.0761371,7
2018-10-02,13:18,59.3296408,18.074857,7
2018-10-02,13:19,59.331079175276635,18.076702449655645,7
2018-10-02,13:20,59.33132986013438,18.07456760844496,7
2018-10-02,13:21,59.3309963,18.0742619,7
2018-10-02,13:22,59.3309951,18.0742613,7
2018-10-02,13:23,59.3305388,18.0756,7
2018-10-02,13:24,59.3323592,18.076782,7
2018-10-02,13:25,59.332691305606225,18.077117099309703,7
2018-10-02,13:26,59.33298745898961,18.072881207429095,7
2018-10-02,13:27,59.332458479416516,18.071806139105284,7
2018-10-02,13:28,59.33217055059454,18.071980820570662,7
2018-10-02,13:29,59.33078855087849,18.072802680531552,7
2018-10-02,13:33,59.3324459,18.0719744,7
2018-10-02,13:34,59.3325554,18.071829,7
2018-10-02,13:35,59.3327291,18.071723,7
2018-10-02,13:36,59.3328621,18.0766045,7
2018-10-02,13:37,59.3353128,18.073207,7
2018-10-02,13:38,59.336541,18.0718065,7
2018-10-02,13:39,59.3392845,18.0683125,7
2018-10-02,13:40,59.3398759,18.0668599,7
2018-10-02,13:41,59.3405006,18.0662657,7
2018-10-02,13:42,59.3407964,18.0655971,7
2018-10-02,13:43,59.3447727,18.0630944,7
2018-10-02,13:44,59.3454828,18.062785,7
2018-10-02,13:45,59.3491839,18.0591759,7
2018-10-02,13:46,59.3514932,18.0553708,7
2018-10-02,13:47,59.3505924,18.0519362,7
2018-10-02,13:48,59.350546,18.0517888,7
2018-10-02,13:49,59.3502413,18.0472403,7
2018-10-02,13:50,59.3534046,18.0393796,7
2018-10-02,13:51,59.3533951,18.0326699,7
2018-10-02,13:52,59.35165408253004,18.035054374205373,7
2018-10-02,13:53,59.3518707,18.033481,7
2018-10-02,13:54,59.351859,18.0335282,7
2018-10-02,13:55,59.3518596,18.0335361,7
2018-10-02,13:56,59.3518586,18.0335365,7
2018-10-02,13:57,59.3518626,18.0335155,7
2018-10-02,14:00,59.3515768,18.0338421,7
2018-10-02,14:01,59.3515768,18.0338421,7
2018-10-02,14:02,59.3515768,18.0338421,7
2018-10-02,14:03,59.3515768,18.0338421,7
2018-10-02,14:04,59.3515768,18.0338421,7
2018-10-02,14:05,59.3515768,18.0338421,7
2018-10-02,14:06,59.3515768,18.0338421,7
2018-10-02,14:07,59.3509581,18.031108,7
2018-10-02,14:08,59.3529536,18.0314662,7
2018-10-02,14:09,59.3534562,18.0328251,7
2018-10-02,14:10,59.3538593,18.0228537,7
2018-10-02,14:11,59.3539391,18.0176548,7
2018-10-02,14:12,59.3558745,18.0120067,7
2018-10-02,14:13,59.3603734,18.0022984,7
2018-10-02,14:14,59.361409,18.0003515,7
2018-10-02,14:15,59.3614455,17.9974964,7
2018-10-02,14:16,59.3602741,17.9915122,7
2018-10-02,14:17,59.3593554,17.9880193,7
2018-10-02,14:18,59.3589498,17.9868431,7
2018-10-02,14:19,59.3618822,17.9808205,7
2018-10-02,14:20,59.3641695,17.9769584,7
2018-10-02,14:21,59.3649821,17.9743676,7
2018-10-02,14:22,59.3667922,17.9688768,7
2018-10-02,14:23,59.3672732,17.9672704,7
2018-10-02,14:24,59.3677784,17.9658152,7
2018-10-02,14:25,59.3671651,17.9595678,7
2018-10-02,14:26,59.3655998,17.9565598,7
2018-10-02,14:27,59.366851,17.9510075,7
2018-10-02,14:28,59.3678233,17.9493398,7
2018-10-02,14:29,59.3688922,17.9483654,7
2018-10-02,14:30,59.3701142,17.9460893,7
2018-10-02,14:31,59.3706441,17.9428989,7
2018-10-02,14:32,59.3713225,17.9389961,7
2018-10-02,14:33,59.3756805,17.9279575,7
2018-10-02,14:34,59.3751011,17.9281436,7
2018-10-02,14:35,59.3744319,17.9255059,7
2018-10-02,14:36,59.3724928,17.9212934,7
2018-10-02,14:37,59.3768383,17.9100696,7
2018-10-02,14:38,59.3805998,17.9038627,7
2018-10-02,14:39,59.3821104,17.9001988,7
2018-10-02,14:40,59.3827379,17.8989751,7
2018-10-02,14:41,59.3860219,17.8925437,7
2018-10-02,14:42,59.3875275,17.8811773,7
2018-10-02,14:43,59.3895402,17.8729567,7
2018-10-02,14:44,59.3901711,17.8721765,7
2018-10-02,14:45,59.3903963,17.8720806,7
2018-10-02,14:46,59.3912088,17.8717564,7
2018-10-02,14:47,59.391452172382294,17.871444271705446,7
2018-10-02,14:48,59.3919174,17.8705107,7
2018-10-02,14:49,59.3919266,17.8704934,7
2018-10-02,14:50,59.3942178,17.8621722,7
2018-10-02,14:51,59.3945144,17.8578903,7
2018-10-02,14:52,59.3945399,17.8563214,7
2018-10-02,14:53,59.3921611,17.8509534,7
2018-10-02,14:54,59.3907552,17.8451975,7
2018-10-02,14:55,59.3869321,17.8372716,7
2018-10-02,14:56,59.3849869,17.8319225,7
2018-10-02,14:57,59.3855695,17.8248798,7
2018-10-02,14:58,59.3891664,17.8249826,7
2018-10-02,14:59,59.390066,17.8140951,7
2018-10-02,15:00,59.3901822,17.8025647,7
2018-10-02,15:01,59.3896718,17.8009983,7
2018-10-02,15:02,59.38967156040683,17.80099828026834,7
2018-10-02,15:03,59.38929274435609,17.801357509116492,7
2018-10-02,15:04,59.38883773002159,17.802150881576154,7
2018-10-02,15:05,59.38831606960758,17.80260253266904,7
2018-10-02,15:06,59.387798,17.80229,7
2018-10-02,15:07,59.387939687855784,17.80226954416634,7
2018-10-02,15:22,59.3878343,17.8024141,7
2018-10-02,15:23,59.3878673,17.8023357,7
2018-10-02,15:24,59.3878673,17.8023357,7
2018-10-02,15:25,59.3878673,17.8023357,7
2018-10-02,15:26,59.3878673,17.8023357,7
2018-10-02,15:27,59.3878673,17.8023357,7
2018-10-02,15:28,59.3878673,17.8023357,7
2018-10-02,15:29,59.3878673,17.8023357,7
2018-10-02,15:30,59.3878673,17.8023357,7
2018-10-02,15:31,59.3878673,17.8023357,7
2018-10-02,15:32,59.3878673,17.8023357,7
2018-10-02,15:33,59.3878673,17.8023357,7
2018-10-02,15:34,59.3878673,17.8023357,7
2018-10-02,15:35,59.3878673,17.8023357,7
2018-10-02,15:36,59.3878673,17.8023357,7
2018-10-02,15:37,59.3878673,17.8023357,7
2018-10-02,15:38,59.3878673,17.8023357,7
2018-10-02,15:39,59.387817,17.8024297,7
2018-10-02,15:40,59.38786726986351,17.80233566399953,7
2018-10-02,15:41,59.38786726986351,17.80233566399953,7
2018-10-02,15:42,59.38786726986351,17.80233566399953,7
2018-10-02,15:43,59.38786726986351,17.80233566399953,7
2018-10-02,15:49,59.3879732,17.8023614,7
2018-10-02,15:50,59.3879732,17.8023614,7
2018-10-02,15:51,59.3879732,17.8023614,7
2018-10-02,15:52,59.3879732,17.8023614,7
2018-10-02,15:53,59.3879732,17.8023614,7
2018-10-02,15:54,59.3879732,17.8023614,7
2018-10-02,15:55,59.3879732,17.8023614,7
2018-10-02,15:56,59.3879732,17.8023614,7
2018-10-02,15:57,59.3879732,17.8023614,7
2018-10-02,15:58,59.3879732,17.8023614,7
2018-10-02,15:59,59.3879732,17.8023614,7
2018-10-02,16:00,59.3879732,17.8023614,7
2018-10-02,16:02,59.38797322059723,17.802361423393727,7
2018-10-02,16:03,59.38797322059723,17.802361423393727,7
2018-10-02,16:04,59.38797322059723,17.802361423393727,7
2018-10-02,16:05,59.38797322059723,17.802361423393727,7
2018-10-02,16:06,59.3878974,17.8022819,7
2018-10-02,16:07,59.38789740333506,17.802281905738994,7
2018-10-02,16:08,59.3878974,17.8022819,7
2018-10-02,16:09,59.3878974,17.8022819,7
2018-10-02,16:10,59.3878974,17.8022819,7
2018-10-02,16:11,59.3878974,17.8022819,7
2018-10-02,16:12,59.3878974,17.8022819,7
2018-10-02,16:13,59.3878974,17.8022819,7
2018-10-02,16:14,59.3878974,17.8022819,7
2018-10-02,16:15,59.3878974,17.8022819,7
2018-10-02,16:16,59.3878974,17.8022819,7
2018-10-02,16:17,59.38789740333506,17.802281905738994,7
2018-10-02,16:18,59.3878974,17.8022819,7
2018-10-02,16:19,59.38789740333506,17.802281905738994,7
2018-10-02,16:20,59.38789740333506,17.802281905738994,7
2018-10-02,16:21,59.38789740333506,17.802281905738994,7
2018-10-02,16:22,59.38789740333506,17.802281905738994,7
2018-10-02,16:23,59.3878182,17.8024276,7
2018-10-02,16:24,59.3878123,17.802387,7
2018-10-02,16:25,59.3879049,17.8022653,7
2018-10-02,16:26,59.3879049,17.8022653,7
2018-10-02,16:27,59.3879049,17.8022653,7
2018-10-02,16:28,59.3879049,17.8022653,7
2018-10-02,16:29,59.3879049,17.8022653,7
2018-10-02,16:30,59.3879049,17.8022653,7
2018-10-02,16:31,59.3879049,17.8022653,7
2018-10-02,16:32,59.3879049,17.8022653,7
2018-10-02,16:33,59.3879049,17.8022653,7
2018-10-02,16:34,59.3879049,17.8022653,7
2018-10-02,16:35,59.3879049,17.8022653,7
2018-10-02,16:36,59.3879049,17.8022653,7
2018-10-02,16:37,59.3878913,17.8022517,7
2018-10-02,16:38,59.3879052,17.8022255,7
2018-10-02,16:39,59.3879052,17.8022255,7
2018-10-02,16:40,59.3879052,17.8022255,7
2018-10-02,16:41,59.3879052,17.8022255,7
2018-10-02,16:42,59.3879052,17.8022255,7
2018-10-02,16:43,59.3879067,17.802256,7
2018-10-02,16:44,59.3879067,17.802256,7
2018-10-02,16:45,59.387906730854475,17.802255967978613,7
2018-10-02,16:46,59.3879067,17.802256,7
2018-10-02,16:47,59.3879067,17.802256,7
2018-10-02,16:48,59.3879067,17.802256,7
2018-10-02,16:49,59.3879067,17.802256,7
2018-10-02,16:50,59.3879067,17.802256,7
2018-10-02,16:51,59.3879067,17.802256,7
2018-10-02,16:52,59.3879067,17.802256,7
2018-10-02,16:53,59.3879067,17.802256,7
2018-10-02,16:54,59.3879067,17.802256,7
2018-10-02,16:55,59.3879067,17.802256,7
2018-10-02,16:56,59.3879067,17.802256,7
2018-10-02,16:57,59.3879067,17.802256,7
2018-10-02,16:58,59.3879067,17.802256,7
2018-10-02,16:59,59.3879067,17.802256,7
2018-10-02,17:00,59.3879067,17.802256,7
2018-10-02,17:01,59.3879067,17.802256,7
2018-10-02,17:02,59.3878963,17.8022865,7
2018-10-02,17:03,59.3878963,17.8022865,7
2018-10-02,17:04,59.3878963,17.8022865,7
2018-10-02,17:05,59.3878963,17.8022865,7
2018-10-02,17:06,59.3878963,17.8022865,7
2018-10-02,17:07,59.3878963,17.8022865,7
2018-10-02,17:08,59.3878963,17.8022865,7
2018-10-02,17:09,59.3878963,17.8022865,7
2018-10-02,17:10,59.3878963,17.8022865,7
2018-10-02,17:11,59.3878963,17.8022865,7
2018-10-02,17:12,59.38789629473788,17.80228650672489,7
2018-10-02,17:13,59.3878963,17.8022865,7
2018-10-02,17:14,59.38789629473788,17.80228650672489,7
2018-10-02,17:15,59.38789629473788,17.80228650672489,7
2018-10-02,17:16,59.38789629473788,17.80228650672489,7
2018-10-02,17:17,59.3878963,17.8022865,7
2018-10-02,17:18,59.3878963,17.8022865,7
2018-10-02,17:19,59.3878963,17.8022865,7
2018-10-02,17:20,59.3878963,17.8022865,7
2018-10-02,17:21,59.3878963,17.8022865,7
2018-10-02,17:22,59.3878963,17.8022865,7
2018-10-02,17:23,59.387896757272216,17.802352521056115,7
2018-10-02,17:24,59.387896757272216,17.802352521056115,7
2018-10-02,17:25,59.387896757272216,17.802352521056115,7
2018-10-02,17:26,59.387896757272216,17.802352521056115,7
2018-10-02,17:27,59.387896757272216,17.802352521056115,7
2018-10-02,17:35,59.3895952,17.8009636,7
2018-10-02,17:36,59.39019607637852,17.80237872555163,7
2018-10-02,17:37,59.39010192318359,17.81365329236539,7
2018-10-02,17:38,59.389080765905184,17.825058113405696,7
2018-10-02,17:39,59.3951171,17.8285785,7
2018-10-02,17:40,59.399921,17.8382486,7
2018-10-02,17:41,59.403353,17.8427484,7
2018-10-02,17:42,59.4077938,17.8439237,7
2018-10-02,17:43,59.4111609,17.8532458,7
2018-10-02,17:44,59.4138992,17.8545693,7
2018-10-02,17:45,59.4223864,17.8550607,7
2018-10-02,17:46,59.4207633,17.8543082,7
2018-10-02,17:47,59.4210338,17.8575549,7
2018-10-02,17:48,59.4210338,17.8575549,7
2018-10-02,17:49,59.422526,17.8538896,7
2018-10-02,17:50,59.4196052,17.851876,7
2018-10-02,17:51,59.4074359,17.8606687,7
2018-10-02,17:52,59.4005853,17.8798295,7
2018-10-02,17:53,59.3995812,17.8895219,7
2018-10-02,17:54,59.3977003,17.900251,7
2018-10-02,17:55,59.3941126,17.8965029,7
2018-10-02,17:56,59.3942902,17.8959311,7
2018-10-02,17:57,59.393699,17.8970138,7
2018-10-02,17:58,59.39697,17.8999515,7
2018-10-02,17:59,59.3977051,17.9084611,7
2018-10-02,18:00,59.3949771,17.9186235,7
2018-10-02,18:01,59.3912159,17.9349764,7
2018-10-02,18:02,59.3831535,17.9357042,7
2018-10-02,18:03,59.375427,17.9269701,7
2018-10-02,18:04,59.3706742,17.9404911,7
2018-10-02,18:05,59.362526,17.9429676,7
2018-10-02,18:06,59.3577464,17.9495557,7
2018-10-02,18:07,59.3545256,17.9586271,7
2018-10-02,18:08,59.3501545,17.9563479,7
2018-10-02,18:09,59.3445616,17.9594342,7
2018-10-02,18:10,59.3445616,17.9594342,7
2018-10-02,18:11,59.3471629,17.9665575,7
2018-10-02,18:12,59.3520529,17.9754207,7
2018-10-02,18:13,59.3576262,17.9849031,7
2018-10-02,18:14,59.3606726,17.9942613,7
2018-10-02,18:15,59.3615605,17.9988013,7
2018-10-02,18:16,59.3623895,18.0054245,7
2018-10-02,18:17,59.366095,18.0073512,7
2018-10-02,18:18,59.3690486,18.0038434,7
2018-10-02,18:19,59.3703009,18.0008081,7
2018-10-02,18:20,59.3684752,18.0027098,7
2018-10-02,18:21,59.3647084,18.0091522,7
2018-10-02,18:22,59.363723,18.0190498,7
2018-10-02,18:23,59.3640072,18.0223992,7
2018-10-02,18:24,59.35553958290146,18.034157752345585,7
2018-10-02,18:25,59.3505441,18.0416337,7
2018-10-02,18:26,59.3501174,18.0483185,7
2018-10-02,18:27,59.3468089,18.0528285,7
2018-10-02,18:28,59.34531103980407,18.053428329582818,7
2018-10-02,18:29,59.3435431,18.0537651,7
2018-10-02,18:30,59.34293490494336,18.045972102198256,7
2018-10-02,18:31,59.342670790382726,18.03934859028546,7
2018-10-02,18:32,59.34052002290146,18.03719932274748,7
2018-10-02,18:33,59.33393387614165,18.03217553721493,7
2018-10-02,18:34,59.33184773831478,18.02324986122545,7
2018-10-02,19:23,59.6377787,17.9357929,7
2018-10-02,19:24,59.6463182,17.935687,7
2018-10-02,19:25,59.6462049,17.9295993,7
2018-10-02,19:26,59.6457861,17.9348882,7
2018-10-02,19:27,59.6452824,17.9339543,7
2018-10-02,19:28,59.6446803,17.9340443,7
2018-10-02,19:29,59.6446803,17.9340442,7
2018-10-02,19:30,59.6446803,17.9340442,7
2018-10-02,19:31,59.6446803,17.9340442,7
2018-10-02,19:32,59.6446803,17.9340442,7
2018-10-02,19:33,59.6436232,17.9342323,7
2018-10-02,19:34,59.6453351268382,17.934647871306925,7
2018-10-02,19:35,59.645469930267566,17.934670932482693,7
2018-10-02,19:36,59.64554474276631,17.934886495747552,7
2018-10-02,19:37,59.6452274,17.9360722,7
2018-10-02,19:38,59.6456325,17.9346419,7
2018-10-02,19:39,59.6456325,17.9346419,7
2018-10-02,19:40,59.64524928180943,17.934630079885146,7
2018-10-02,19:43,59.6446695,17.9340291,7
2018-10-02,19:44,59.6446695,17.9340291,7
2018-10-02,19:45,59.6464772,17.9298578,7
2018-10-02,19:46,59.6446695,17.9340291,7
2018-10-02,19:47,59.6446695,17.9340291,7
2018-10-02,19:48,59.6446695,17.9340291,7
2018-10-02,19:49,59.6446695,17.9340291,7
2018-10-02,19:50,59.6446695,17.9340291,7
2018-10-02,19:51,59.6446695,17.9340291,7
2018-10-02,19:52,59.6446695,17.9340291,7
2018-10-02,19:53,59.6446695,17.9340291,7
2018-10-02,19:54,59.6446695,17.9340291,7
2018-10-02,19:55,59.64466951666026,17.934029050708816,7
2018-10-02,19:56,59.6446695,17.9340291,7
2018-10-02,19:57,59.6446695,17.9340291,7
2018-10-02,19:58,59.6446695,17.9340291,7
2018-10-02,19:59,59.6446695,17.9340291,7
2018-10-02,20:00,59.6446695,17.9340291,7
2018-10-02,20:01,59.6446695,17.9340291,7
2018-10-02,20:02,59.6446695,17.9340291,7
2018-10-02,20:03,59.6446695,17.9340291,7
2018-10-02,20:04,59.6446695,17.9340291,7
2018-10-02,20:05,59.6446695,17.9340291,7
2018-10-02,20:06,59.6446695,17.9340291,7
2018-10-02,20:07,59.6446695,17.9340291,7
2018-10-02,20:08,59.6446617,17.9340265,7
2018-10-02,20:09,59.6446617,17.9340265,7
2018-10-02,20:10,59.6446617,17.9340265,7
2018-10-02,20:11,59.6446617,17.9340265,7
2018-10-02,20:12,59.6446617,17.9340265,7
2018-10-02,20:13,59.6446617,17.9340265,7
2018-10-02,20:14,59.6446617,17.9340265,7
2018-10-02,20:15,59.6446617,17.9340265,7
2018-10-02,20:16,59.6446617,17.9340265,7
2018-10-02,20:17,59.6446617,17.9340265,7
2018-10-02,20:18,59.6446617,17.9340265,7
2018-10-02,20:19,59.6446617,17.9340265,7
2018-10-02,20:20,59.6446617,17.9340265,7
2018-10-02,20:21,59.6424219,17.9242525,7
2018-10-02,20:22,59.6446617,17.9340265,7
2018-10-02,20:23,59.6446617,17.9340265,7
2018-10-02,20:24,59.6446617,17.9340265,7
2018-10-02,20:25,59.6446617,17.9340265,7
2018-10-02,20:26,59.6446617,17.9340265,7
2018-10-02,20:27,59.6446617,17.9340265,7
2018-10-02,20:28,59.6446617,17.9340265,7
2018-10-02,20:29,59.6447554,17.9340059,7
2018-10-02,20:30,59.6476168,17.9353421,7
2018-10-02,20:31,59.6514886,17.9349615,7
2018-10-02,20:32,59.6499413,17.9306129,7
2018-10-02,20:33,59.6457445,17.9354848,7
2018-10-02,20:34,59.635865892481206,17.93298196385627,7
2018-10-02,20:35,59.629677636103736,17.92043349841636,7
2018-10-02,20:36,59.626234784772564,17.926170634969637,7
2018-10-02,20:37,59.621472141283704,17.928727579320512,7
2018-10-02,20:38,59.6201867,17.9233375,7
2018-10-02,20:43,59.5796139,17.8980934,7
2018-10-02,20:44,59.5743434,17.8954757,7
2018-10-02,20:45,59.5669064,17.8943482,7
2018-10-02,20:46,59.5566123,17.8955974,7
2018-10-02,20:47,59.5468347,17.8985506,7
2018-10-02,20:48,59.5406266,17.9107432,7
2018-10-02,20:49,59.5334874,17.9242602,7
2018-10-02,20:50,59.5237658,17.9279842,7
2018-10-02,20:51,59.5168294,17.9273454,7
2018-10-02,20:52,59.512752,17.9235338,7
2018-10-02,20:53,59.4987557,17.9242078,7
2018-10-02,20:54,59.485801,17.9189622,7
2018-10-02,20:55,59.4715169,17.9138049,7
2018-10-02,20:56,59.4582088,17.9119739,7
2018-10-02,20:57,59.4444065,17.9211758,7
2018-10-02,20:58,59.4338374,17.922993,7
2018-10-02,20:59,59.4240908,17.9235367,7
2018-10-02,21:00,59.4142976,17.9415962,7
2018-10-02,21:01,59.4068052,17.9618867,7
2018-10-02,21:02,59.3968831,17.981006,7
2018-10-02,21:03,59.38839113767368,18.000427066188404,7
2018-10-02,21:04,59.37747914911946,18.013643288100113,7
2018-10-02,21:05,59.36607931040999,18.020823229485973,7
2018-10-02,21:06,59.356944868839086,18.031869528403934,7
2018-10-02,21:07,59.350906509172326,18.041246701034428,7
2018-10-02,21:10,59.3353547,18.0476579,7
2018-10-02,21:11,59.3288225,18.0575037,7
2018-10-02,21:12,59.3232963,18.0668098,7
2018-10-02,21:13,59.3155189,18.0705998,7
2018-10-02,21:14,59.306465,18.0740578,7
2018-10-02,21:15,59.3077582,18.0788264,7
2018-10-02,21:16,59.3105955,18.0861422,7
2018-10-02,21:17,59.3133279,18.0824254,7
2018-10-02,21:18,59.3122589,18.0776884,7
2018-10-02,21:19,59.31298621239938,18.079832425058523,7
2018-10-02,21:20,59.312973733829494,18.08497335753937,7
2018-10-02,21:21,59.308754169889895,18.08197167161169,7
2018-10-02,21:22,59.30783315209921,18.07610291026361,7
2018-10-02,21:23,59.30594229407103,18.077658466455883,7
2018-10-02,21:24,59.3067066,18.0749879,7
2018-10-02,21:25,59.3236628,18.0666242,7
2018-10-02,21:26,59.3288364,18.0567146,7
2018-10-02,21:27,59.3359433,18.0451403,7
2018-10-02,21:28,59.3390499,18.0287006,7
2018-10-02,21:29,59.3463497,18.0301639,7
2018-10-02,21:30,59.3544861,18.0368302,7
2018-10-02,21:31,59.3634811,18.0246488,7
2018-10-02,21:32,59.3747237,18.0169255,7
2018-10-02,21:33,59.3843959,18.0057685,7
2018-10-02,21:34,59.3924992,17.9900183,7
2018-10-02,21:35,59.4008881,17.9729306,7
2018-10-02,21:36,59.409539868864506,17.955811008705837,7
2018-10-02,21:37,59.41642248793337,17.939320058806253,7
2018-10-02,21:38,59.414689014878334,17.930111897126007,7
2018-10-02,21:39,59.413071365423,17.922791825759578,7
2018-10-02,22:38,59.4128134,17.9172307,7
2018-10-02,22:39,59.4127668,17.9171571,7
